Cluster,Size,Size_Pct,Delinquency_Rate,Avg_Age,Avg_Income,Avg_Loan_Amount,Avg_Payment_Ratio
Cluster 1,297,29.7,27.946127946127948,30.791245791245792,30829.037037037036,149334.96558922558,2977.053306359822
Cluster 2,206,20.599999999999998,85.92233009708737,30.97087378640777,42835.30582524272,226794.68888349514,556.8550883821149
Cluster 3,94,9.4,100.0,30.54255319148936,23674.574468085106,176178.61670212768,5452.671289113858
Cluster 4,152,15.2,37.5,31.625,5202.684210526316,275948.8822368421,19376.79341961239
Cluster 5,251,25.1,21.51394422310757,30.15139442231076,22042.820717131475,137250.48597609563,4068.157535349898
