Cluster,Size,Size_Pct,Delinquency_Rate,Avg_Age,Avg_Income,Avg_Loan_Amount,Avg_Payment_Ratio
Cluster 1,221,22.1,35.74660633484163,31.647058823529413,45819.117647058825,231343.5975565611,0.5733291355251771
Cluster 2,304,30.4,14.144736842105262,31.17763157894737,19135.81907894737,128387.06365131577,4884.841214308314
Cluster 3,149,14.899999999999999,65.1006711409396,31.34228187919463,1466.1879194630872,252544.76,21318.72053974711
Cluster 4,227,22.7,75.33039647577093,30.462555066079297,29732.44052863436,145191.45665198236,2633.526433913273
Cluster 5,99,9.9,100.0,29.454545454545453,28299.31313131313,182577.29565656566,4303.974069450652
