Cluster,Size,Size_Pct,Delinquency_Rate,Avg_Age,Avg_Income,Avg_Loan_Amount,Avg_Payment_Ratio
Cluster 1,477,9.54,100.0,30.47589098532495,24549.398322851153,181750.58570230607,5837.594486859672
Cluster 2,1187,23.74,64.36394271272114,31.112889637742207,42278.389216512216,245063.43732097722,0.7346746280630361
Cluster 3,1124,22.48,30.160142348754448,31.004448398576514,24839.74021352313,144138.45551601425,3453.3409427903057
Cluster 4,805,16.1,55.40372670807453,30.601242236024845,193.72173913043477,231886.06193788818,21042.581137550562
Cluster 5,1407,28.139999999999997,29.28216062544421,30.909737029140015,26837.512437810947,135249.93493248045,2842.463952692438
