Cluster,Size,Size_Pct,Delinquency_Rate,Avg_Age,Avg_Income,Avg_Loan_Amount,Avg_Payment_Ratio
Cluster 1,298,29.799999999999997,25.16778523489933,31.003355704697988,26458.828859060402,134703.57734899328,2848.262661292452
Cluster 2,159,15.9,49.685534591194966,31.566037735849058,941.2012578616352,239104.4837735849,21198.553171377887
Cluster 3,203,20.3,71.92118226600985,30.80295566502463,42580.35960591133,242891.75354679802,0.7500426469960033
Cluster 4,109,10.9,100.0,32.15596330275229,26045.0,180912.10385321098,4267.923969417497
Cluster 5,231,23.1,41.125541125541126,30.627705627705627,26378.74458874459,144131.14541125542,3301.3832375785432
