Cluster,Size,Size_Pct,Delinquency_Rate,Avg_Age,Avg_Income,Avg_Loan_Amount,Avg_Payment_Ratio
Cluster 1,536,53.6,1.8656716417910446,31.52238805970149,28128.027985074626,138028.9603358209,3379.084009739498
Cluster 2,360,36.0,6.944444444444445,30.869444444444444,23354.191666666666,247056.6743333333,8884.170672986767
Cluster 3,104,10.4,4.807692307692308,32.14423076923077,23637.778846153848,179768.29403846155,5811.538110612198
