payer_id,age,annual_income_cad,employment_status,marital_status,city,province,loan_amount,interest_rate,loan_term_years,loan_term_months,current_balance,loan_status,monthly_payment,origination_date,maturity_date,delinquency_risk,lender,institution_name,institution_city,institution_province,program_name,field_of_study,program_type,program_difficulty,program_duration_years,graduation_rate,employment_rate_percent,average_starting_salary,total_payments_made,avg_payment_amount,late_payment_count,missed_payment_count,last_payment_date,income_category,age_group,remaining_balance_pct,payment_to_income_ratio_pct,campaign_priority,program_difficulty_label
209,24,0,Unemployed,Common-law,Surrey,British Columbia,382924.94,5.518,20,240,302100.41,Active,2637.99,2018-12-08,2038-12-08,1.0,Provincial Student Aid,University of Toronto,Toronto,Ontario,Electrical Engineering,Engineering,Bachelor's,3.0,4.0,85.3,85.3,71274.04,6,2198.325,0,1,2023-12-03,Low Income,Young Adult (18-24),78.89,inf,Proactive Monitoring,High Difficulty
931,30,15480,Part-time,Widowed,Vancouver,British Columbia,379960.17,2.583,20,240,332063.23,Active,2028.82,2023-02-08,2043-02-08,1.0,TD Student Line of Credit,NAIT,Edmonton,Alberta,Chemical Engineering,Engineering,Bachelor's,3.0,4.0,88.5,88.5,73095.5,9,2028.8200000000002,0,0,2023-12-02,Low Income,Young Professional (25-34),87.39,157.27,Proactive Monitoring,High Difficulty
160,19,46783,Full-time,Divorced,Vancouver,British Columbia,375129.81,3.945,20,240,294277.3,Active,2262.36,2019-07-08,2039-07-08,1.0,Bank of Montreal,York University,Toronto,Ontario,Marketing,Business,Bachelor's,1.0,4.0,82.9,82.9,47788.43,2,2262.36,0,0,2023-12-02,Medium Income,Young Adult (18-24),78.45,58.03,Proactive Monitoring,Low Difficulty
706,37,0,Unemployed,Widowed,Red Deer,Alberta,372366.8,4.832,20,240,334523.28,Active,2423.03,2023-02-08,2043-02-08,1.0,BMO Student Banking Program,University of Calgary,Calgary,Alberta,Doctor of Medicine,Medicine,Professional,3.0,4.0,95.8,95.8,120196.79,7,2423.03,0,0,2023-12-01,Low Income,Mid-Career (35-49),89.84,inf,Proactive Monitoring,High Difficulty
993,36,23065,Part-time,Common-law,Surrey,British Columbia,365468.24,10.481,15,180,342014.69,Active,4035.58,2023-03-08,2038-03-08,1.0,National Bank of Canada,University of Toronto,Toronto,Ontario,Doctor of Medicine,Medicine,Professional,3.0,4.0,95.8,95.8,120196.79,7,4035.5799999999995,0,0,2023-12-01,Low Income,Mid-Career (35-49),93.58,209.96,Proactive Monitoring,High Difficulty
793,22,0,Unemployed,Married,Toronto,Ontario,361354.73,4.483,20,240,302220.41,Active,2282.79,2021-01-08,2041-01-08,1.0,Canada Student Loans Program,Carleton University,Ottawa,Ontario,Computer Science,Technology,Bachelor's,2.0,4.0,93.5,93.5,71537.28,0,0.0,0,0,Never,Low Income,Young Adult (18-24),83.64,inf,Proactive Monitoring,Medium Difficulty
285,22,0,Unemployed,Common-law,Burnaby,British Columbia,356220.34,6.154,20,240,343631.06,Active,2583.82,2024-12-08,2044-12-08,1.0,Bank of Nova Scotia,Ryerson University,Toronto,Ontario,Social Work,Social Sciences,Bachelor's,2.0,4.0,81.7,81.7,47749.46,0,0.0,0,0,Never,Low Income,Young Adult (18-24),96.47,inf,Proactive Monitoring,Medium Difficulty
319,24,0,Unemployed,Widowed,London,Ontario,355316.52,6.014,25,300,325670.04,Active,2292.35,2021-07-08,2046-07-08,1.0,Scotiabank Student Line of Credit,Concordia University,Montreal,Quebec,Psychology,Social Sciences,Bachelor's,2.0,4.0,78.4,78.4,44256.05,0,0.0,0,0,Never,Low Income,Young Adult (18-24),91.66,inf,Proactive Monitoring,Medium Difficulty
608,43,67737,Full-time,Divorced,Quebec City,Quebec,350412.44,11.762,25,300,340654.14,Active,3629.15,2022-05-08,2047-05-08,1.0,Bank of Nova Scotia,University of Toronto,Toronto,Ontario,Master of Social Work,Social Sciences,Master's,2.0,2.0,88.4,88.4,55944.69,16,3629.15,0,0,2023-12-02,Medium Income,Mid-Career (35-49),97.22,64.29,Proactive Monitoring,Medium Difficulty
681,33,0,Unemployed,Single,Surrey,British Columbia,348920.05,4.144,15,180,310871.01,In Deferment,2606.17,2023-02-08,2038-02-08,1.0,Scotiabank Student Line of Credit,University of Victoria,Victoria,British Columbia,Doctor of Medicine,Medicine,Professional,3.0,4.0,95.8,95.8,120196.79,6,2606.17,0,0,2023-12-01,Low Income,Young Professional (25-34),89.1,inf,Proactive Monitoring,High Difficulty
859,37,0,Unemployed,Single,Brandon,Manitoba,328512.94,4.165,25,300,313602.61,In Deferment,1764.08,2023-05-08,2048-05-08,1.0,Bank of Nova Scotia,McMaster University,Hamilton,Ontario,Architecture,Design,Bachelor's,3.0,5.0,68.1,68.1,64043.12,4,1764.08,0,0,2023-12-02,Low Income,Mid-Career (35-49),95.46,inf,Proactive Monitoring,High Difficulty
788,18,60773,Full-time,Single,London,Ontario,325032.99,3.071,20,240,252167.35,Active,1814.2,2019-09-08,2039-09-08,1.0,National Bank of Canada,Carleton University,Ottawa,Ontario,Doctor of Medicine,Medicine,Professional,3.0,4.0,95.8,95.8,120196.79,7,1814.2,0,0,2023-12-02,Medium Income,Young Adult (18-24),77.58,35.82,Proactive Monitoring,High Difficulty
768,44,48109,Full-time,Divorced,Montreal,Quebec,320158.13,6.905,20,240,299125.05,In Forbearance,2463.96,2022-09-08,2042-09-08,1.0,TD Student Line of Credit,University of Saskatchewan,Saskatoon,Saskatchewan,Medical Assistant,Healthcare,Certificate,1.0,1.0,86.8,86.8,36563.35,11,2463.96,0,0,2023-12-03,Medium Income,Mid-Career (35-49),93.43,61.46,Proactive Monitoring,Low Difficulty
316,43,0,Unemployed,Married,Surrey,British Columbia,317499.81,6.332,25,300,300294.25,Active,2110.57,2022-04-08,2047-04-08,1.0,CIBC,McMaster University,Hamilton,Ontario,Juris Doctor (Law),Law,Professional,3.0,3.0,78.8,78.8,75387.23,3,703.5233333333334,0,2,2023-10-01,Low Income,Mid-Career (35-49),94.58,inf,Proactive Monitoring,High Difficulty
513,30,58510,Full-time,Married,Brandon,Manitoba,314798.22,3.866,15,180,229346.32,Active,2307.44,2021-04-08,2036-04-08,1.0,TD Canada Trust,Carleton University,Ottawa,Ontario,Psychology,Social Sciences,Bachelor's,2.0,4.0,78.4,78.4,44256.05,0,0.0,0,0,Never,Medium Income,Young Professional (25-34),72.86,47.32,Proactive Monitoring,Medium Difficulty
697,43,0,Unemployed,Common-law,Lethbridge,Alberta,314591.27,10.818,20,240,304204.85,Active,3208.3,2023-09-08,2043-09-08,1.0,CIBC,University of Alberta,Edmonton,Alberta,Network Administration,Technology,Certificate,2.0,2.0,79.4,79.4,53377.98,0,0.0,0,0,Never,Low Income,Mid-Career (35-49),96.7,inf,Proactive Monitoring,Medium Difficulty
151,29,0,Unemployed,Divorced,Edmonton,Alberta,313560.65,4.922,15,180,312379.88,Active,2466.9,2026-03-08,2041-03-08,1.0,Royal Bank of Canada,NAIT,Edmonton,Alberta,Medical Assistant,Healthcare,Certificate,1.0,1.0,86.8,86.8,36563.35,0,0.0,0,0,Never,Low Income,Young Professional (25-34),99.62,inf,Proactive Monitoring,Low Difficulty
897,40,0,Unemployed,Widowed,Burnaby,British Columbia,311380.07,7.703,20,240,299715.72,Active,2547.25,2024-02-08,2044-02-08,1.0,RBC Student Banking,York University,Toronto,Ontario,Doctor of Pharmacy,Healthcare,Professional,3.0,4.0,94.0,94.0,90553.81,0,0.0,0,0,Never,Low Income,Mid-Career (35-49),96.25,inf,Proactive Monitoring,High Difficulty
187,38,0,Unemployed,Common-law,Burnaby,British Columbia,310894.79,8.504,15,180,284393.15,In Deferment,3062.23,2023-12-08,2038-12-08,1.0,CIBC,York University,Toronto,Ontario,Doctor of Medicine,Medicine,Professional,3.0,4.0,95.8,95.8,120196.79,0,0.0,0,0,Never,Low Income,Mid-Career (35-49),91.48,inf,Proactive Monitoring,High Difficulty
385,22,49064,Full-time,Divorced,Burnaby,British Columbia,310631.24,3.328,20,240,263840.17,Active,1774.2,2021-10-08,2041-10-08,1.0,Canada Student Loans Program,Concordia University,Montreal,Quebec,Doctor of Medicine,Medicine,Professional,3.0,4.0,95.8,95.8,120196.79,2,1774.2,0,0,2023-12-03,Medium Income,Young Adult (18-24),84.94,43.39,Proactive Monitoring,High Difficulty
345,26,24610,Part-time,Widowed,Mississauga,Ontario,309977.58,3.715,20,240,271896.56,Active,1832.18,2022-05-08,2042-05-08,1.0,Canada Student Loans Program,University of Waterloo,Waterloo,Ontario,Pre-Medicine,Science,Bachelor's,3.0,4.0,63.0,63.0,45054.86,0,0.0,0,0,Never,Low Income,Young Professional (25-34),87.71,89.34,Proactive Monitoring,High Difficulty
632,42,20516,Part-time,Married,Calgary,Alberta,309258.55,2.763,25,300,287026.08,Active,1428.7,2023-10-08,2048-10-08,1.0,Bank of Nova Scotia,University of Calgary,Calgary,Alberta,Architecture,Design,Bachelor's,3.0,5.0,68.1,68.1,64043.12,1,1428.7,0,0,2023-12-01,Low Income,Mid-Career (35-49),92.81,83.57,Proactive Monitoring,High Difficulty
124,44,0,Unemployed,Divorced,Steinbach,Manitoba,306990.68,7.067,20,240,259145.47,Active,2392.46,2020-04-08,2040-04-08,1.0,Bank of Montreal,York University,Toronto,Ontario,HVAC Technology,Technical,Certificate,1.0,2.0,92.0,92.0,46389.64,0,0.0,0,0,Never,Low Income,Mid-Career (35-49),84.41,inf,Proactive Monitoring,Low Difficulty
18,27,0,Unemployed,Widowed,Ottawa,Ontario,301235.66,5.005,20,240,265941.67,Active,1988.85,2021-08-08,2041-08-08,1.0,Bank of Nova Scotia,University of British Columbia,Vancouver,British Columbia,Hospitality Management,Business,Bachelor's,1.0,4.0,74.8,74.8,43656.21,6,1988.8499999999997,0,0,2023-12-08,Low Income,Young Professional (25-34),88.28,inf,Proactive Monitoring,Low Difficulty
421,36,21915,Part-time,Common-law,Vancouver,British Columbia,300041.26,8.828,20,240,255096.38,Active,2666.45,2020-03-08,2040-03-08,1.0,CIBC,McMaster University,Hamilton,Ontario,Dental Hygiene,Healthcare,Associate,2.0,2.0,87.2,87.2,61248.37,8,2666.45,0,0,2023-12-02,Low Income,Mid-Career (35-49),85.02,146.01,Proactive Monitoring,Medium Difficulty
678,25,0,Unemployed,Single,Ottawa,Ontario,299170.25,4.41,20,240,264778.82,Active,1878.2,2022-11-08,2042-11-08,1.0,Canada Student Loans Program,University of Calgary,Calgary,Alberta,Psychology,Social Sciences,Bachelor's,2.0,4.0,78.4,78.4,44256.05,6,1878.2,0,0,2023-12-01,Low Income,Young Professional (25-34),88.5,inf,Proactive Monitoring,Medium Difficulty
453,43,0,Unemployed,Single,Victoria,British Columbia,296524.03,5.662,20,240,268798.53,Active,2066.98,2022-02-08,2042-02-08,1.0,BMO Student Banking Program,University of Manitoba,Winnipeg,Manitoba,Network Administration,Technology,Certificate,2.0,2.0,79.4,79.4,53377.98,10,2066.98,0,0,2023-12-03,Low Income,Mid-Career (35-49),90.65,inf,Proactive Monitoring,Medium Difficulty
234,29,52420,Full-time,Common-law,Brampton,Ontario,295098.83,4.675,25,300,255373.12,Active,1669.7,2020-04-08,2045-04-08,1.0,RBC Student Banking,Dalhousie University,Halifax,Nova Scotia,Mathematics,Science,Bachelor's,3.0,4.0,73.0,73.0,59771.34,3,1669.7,0,0,2023-12-03,Medium Income,Young Professional (25-34),86.54,38.22,Proactive Monitoring,High Difficulty
278,23,19173,Part-time,Single,Surrey,British Columbia,295071.27,6.068,15,180,224567.25,Active,2500.83,2020-05-08,2035-05-08,1.0,TD Canada Trust,McMaster University,Hamilton,Ontario,Physics,Science,Bachelor's,3.0,4.0,73.4,73.4,52697.17,0,0.0,0,0,Never,Low Income,Young Adult (18-24),76.11,156.52,Proactive Monitoring,High Difficulty
922,18,0,Unemployed,Divorced,Victoria,British Columbia,293042.94,4.175,25,300,263410.99,Active,1575.24,2022-03-08,2047-03-08,1.0,TD Student Line of Credit,University of British Columbia,Vancouver,British Columbia,Physics,Science,Bachelor's,3.0,4.0,73.4,73.4,52697.17,7,1575.24,0,0,2023-12-02,Low Income,Young Adult (18-24),89.89,inf,Proactive Monitoring,High Difficulty
547,33,0,Unemployed,Widowed,Montreal,Quebec,292443.57,5.114,20,240,275513.61,Active,1948.46,2023-11-08,2043-11-08,1.0,Bank of Nova Scotia,Dalhousie University,Halifax,Nova Scotia,Accounting,Business,Bachelor's,2.0,4.0,89.0,89.0,56361.99,0,0.0,0,0,Never,Low Income,Young Professional (25-34),94.21,inf,Proactive Monitoring,Medium Difficulty
599,25,24325,Part-time,Married,Winnipeg,Manitoba,291683.39,11.14,25,300,273296.72,Active,2888.4,2019-05-08,2044-05-08,1.0,Royal Bank of Canada,McMaster University,Hamilton,Ontario,Chemical Engineering,Engineering,Bachelor's,3.0,4.0,88.5,88.5,73095.5,11,2888.4,0,0,2023-12-03,Low Income,Young Professional (25-34),93.7,142.49,Proactive Monitoring,High Difficulty
342,33,0,Unemployed,Common-law,Calgary,Alberta,291384.29,5.469,15,180,257772.94,Active,2376.06,2022-10-08,2037-10-08,1.0,Provincial Student Aid,Memorial University,St. John's,Newfoundland,Biomedical Engineering,Engineering,Bachelor's,3.0,4.0,87.2,87.2,66515.13,11,1944.049090909091,0,2,2023-11-01,Low Income,Young Professional (25-34),88.46,inf,Proactive Monitoring,High Difficulty
82,19,17813,Part-time,Single,Burnaby,British Columbia,287595.59,9.498,20,240,255414.92,Active,2680.39,2021-02-08,2041-02-08,1.0,RBC Student Banking,University of Victoria,Victoria,British Columbia,Medical Assistant,Healthcare,Certificate,1.0,1.0,86.8,86.8,36563.35,0,0.0,0,0,Never,Low Income,Young Adult (18-24),88.81,180.57,Proactive Monitoring,Low Difficulty
913,42,0,Unemployed,Married,Red Deer,Alberta,286455.56,3.934,15,180,225726.67,In Forbearance,2109.42,2021-10-08,2036-10-08,1.0,Bank of Nova Scotia,University of British Columbia,Vancouver,British Columbia,Aerospace Engineering,Engineering,Bachelor's,3.0,4.0,80.0,80.0,74705.15,0,0.0,0,0,Never,Low Income,Mid-Career (35-49),78.8,inf,Proactive Monitoring,High Difficulty
580,26,15192,Part-time,Married,Montreal,Quebec,285401.07,4.096,25,300,259457.93,Active,1521.62,2021-08-08,2046-08-08,1.0,Scotiabank Student Line of Credit,University of Manitoba,Winnipeg,Manitoba,Pre-Medicine,Science,Bachelor's,3.0,4.0,63.0,63.0,45054.86,10,1521.62,0,0,2023-12-02,Low Income,Young Professional (25-34),90.91,120.19,Proactive Monitoring,High Difficulty
860,23,23407,Part-time,Widowed,Brampton,Ontario,285304.0,4.405,25,300,258520.22,Active,1570.47,2021-05-08,2046-05-08,1.0,Bank of Nova Scotia,NAIT,Edmonton,Alberta,Early Childhood Education,Education,Bachelor's,1.0,4.0,80.9,80.9,46386.58,3,1570.47,0,0,2023-12-03,Low Income,Young Adult (18-24),90.61,80.51,Proactive Monitoring,Low Difficulty
886,25,24849,Part-time,Common-law,Red Deer,Alberta,284230.01,3.234,25,300,245570.76,Active,1382.7,2020-12-08,2045-12-08,1.0,Bank of Nova Scotia,University of Saskatchewan,Saskatoon,Saskatchewan,Criminal Justice,Social Sciences,Bachelor's,2.0,4.0,82.2,82.2,45869.85,7,1382.7,0,0,2023-12-02,Low Income,Young Professional (25-34),86.4,66.77,Proactive Monitoring,Medium Difficulty
135,25,20894,Part-time,Common-law,Quebec City,Quebec,283848.26,4.591,20,240,258441.92,Active,1809.74,2023-01-08,2043-01-08,1.0,Canada Student Loans Program,Memorial University,St. John's,Newfoundland,Nursing,Healthcare,Bachelor's,2.0,4.0,92.5,92.5,65996.75,0,0.0,0,0,Never,Low Income,Young Professional (25-34),91.05,103.94,Proactive Monitoring,Medium Difficulty
951,43,16900,Part-time,Single,Toronto,Ontario,283801.43,4.948,15,180,260459.16,Active,2236.6,2024-01-08,2039-01-08,1.0,CIBC,University of Calgary,Calgary,Alberta,Medical Assistant,Healthcare,Certificate,1.0,1.0,86.8,86.8,36563.35,0,0.0,0,0,Never,Low Income,Mid-Career (35-49),91.78,158.81,Proactive Monitoring,Low Difficulty
377,36,0,Unemployed,Married,Red Deer,Alberta,280067.9,11.156,20,240,241351.16,Active,2920.62,2019-01-08,2039-01-08,1.0,Royal Bank of Canada,Ryerson University,Toronto,Ontario,Aerospace Engineering,Engineering,Bachelor's,3.0,4.0,80.0,80.0,74705.15,3,2920.6200000000003,0,0,2023-12-06,Low Income,Mid-Career (35-49),86.18,inf,Proactive Monitoring,High Difficulty
335,36,0,Unemployed,Common-law,Edmonton,Alberta,279640.85,3.192,20,240,222518.71,Active,1577.9,2021-01-08,2041-01-08,1.0,RBC Student Banking,Simon Fraser University,Burnaby,British Columbia,Dental Hygiene,Healthcare,Associate,2.0,2.0,87.2,87.2,61248.37,3,1577.9000000000003,0,0,2023-12-07,Low Income,Mid-Career (35-49),79.57,inf,Proactive Monitoring,Medium Difficulty
966,24,72503,Full-time,Married,Red Deer,Alberta,277065.08,10.546,25,300,254360.05,Active,2625.11,2018-07-08,2043-07-08,1.0,RBC Student Banking,Simon Fraser University,Burnaby,British Columbia,Psychology,Social Sciences,Bachelor's,2.0,4.0,78.4,78.4,44256.05,7,2625.11,0,0,2023-12-01,High Income,Young Adult (18-24),91.81,43.45,Proactive Monitoring,Medium Difficulty
139,20,0,Unemployed,Widowed,Calgary,Alberta,276582.33,7.267,20,240,260342.37,Active,2188.89,2022-11-08,2042-11-08,1.0,TD Student Line of Credit,Carleton University,Ottawa,Ontario,General Studies,Liberal Arts,Bachelor's,1.0,4.0,67.6,67.6,39266.48,0,0.0,0,0,Never,Low Income,Young Adult (18-24),94.13,inf,Proactive Monitoring,Low Difficulty
397,42,18029,Part-time,Single,Laval,Quebec,275530.18,6.351,20,240,251526.95,Active,2030.18,2022-02-08,2042-02-08,1.0,Bank of Nova Scotia,University of Victoria,Victoria,British Columbia,Master of Business Administration,Business,Master's,2.0,2.0,92.6,92.6,93253.27,2,1015.09,0,1,2023-12-03,Low Income,Mid-Career (35-49),91.29,135.13,Proactive Monitoring,Medium Difficulty
723,32,0,Unemployed,Married,Mississauga,Ontario,274680.47,11.657,25,300,256351.37,Active,2823.63,2018-10-08,2043-10-08,1.0,Royal Bank of Canada,University of British Columbia,Vancouver,British Columbia,Electrical Engineering,Engineering,Bachelor's,3.0,4.0,85.3,85.3,71274.04,3,2823.6299999999997,0,0,2023-12-02,Low Income,Young Professional (25-34),93.33,inf,Proactive Monitoring,High Difficulty
728,26,62618,Full-time,Widowed,Edmonton,Alberta,271361.32,4.35,15,180,249177.67,Active,2055.15,2024-02-08,2039-02-08,1.0,BMO Student Banking Program,University of Victoria,Victoria,British Columbia,Social Work,Social Sciences,Bachelor's,2.0,4.0,81.7,81.7,47749.46,0,0.0,0,0,Never,Medium Income,Young Professional (25-34),91.83,39.38,Proactive Monitoring,Medium Difficulty
317,39,0,Unemployed,Widowed,Toronto,Ontario,271064.87,7.744,25,300,269560.12,Active,2046.36,2024-11-08,2049-11-08,1.0,Royal Bank of Canada,Queen's University,Kingston,Ontario,Hospitality Management,Business,Bachelor's,1.0,4.0,74.8,74.8,43656.21,0,0.0,0,0,Never,Low Income,Mid-Career (35-49),99.44,inf,Proactive Monitoring,Low Difficulty
874,37,0,Unemployed,Single,Surrey,British Columbia,268874.68,3.024,25,300,251466.45,Active,1278.39,2022-12-08,2047-12-08,1.0,Scotiabank Student Line of Credit,University of Waterloo,Waterloo,Ontario,Mechanical Engineering,Engineering,Bachelor's,3.0,4.0,84.3,84.3,68800.56,11,1278.39,0,0,2023-12-03,Low Income,Mid-Career (35-49),93.53,inf,Proactive Monitoring,High Difficulty
90,25,48529,Full-time,Common-law,Montreal,Quebec,267549.46,5.948,15,180,246126.04,Active,2250.22,2023-06-08,2038-06-08,1.0,CIBC,Carleton University,Ottawa,Ontario,Human Resources,Business,Bachelor's,1.0,4.0,84.0,84.0,53249.69,5,2250.22,0,0,2023-12-03,Medium Income,Young Professional (25-34),91.99,55.64,Proactive Monitoring,Low Difficulty
942,43,57400,Full-time,Single,Mississauga,Ontario,266930.34,2.844,20,240,233181.38,Active,1459.63,2022-01-08,2042-01-08,1.0,Bank of Montreal,Carleton University,Ottawa,Ontario,Sports Management,Business,Bachelor's,1.0,4.0,73.4,73.4,40048.59,7,1459.6299999999999,0,0,2023-12-07,Medium Income,Mid-Career (35-49),87.36,30.51,Proactive Monitoring,Low Difficulty
482,27,0,Unemployed,Common-law,Brampton,Ontario,265260.46,7.422,15,180,247231.59,Active,2447.25,2023-07-08,2038-07-08,1.0,Bank of Montreal,University of Saskatchewan,Saskatoon,Saskatchewan,Human Resources,Business,Bachelor's,1.0,4.0,84.0,84.0,53249.69,0,0.0,0,0,Never,Low Income,Young Professional (25-34),93.2,inf,Proactive Monitoring,Low Difficulty
533,35,18000,Part-time,Single,Hamilton,Ontario,264586.8,3.798,25,300,248521.16,Active,1367.25,2023-05-08,2048-05-08,1.0,Royal Bank of Canada,University of Calgary,Calgary,Alberta,Chemical Engineering,Engineering,Bachelor's,3.0,4.0,88.5,88.5,73095.5,5,1367.25,0,0,2023-12-01,Low Income,Mid-Career (35-49),93.93,91.15,Proactive Monitoring,High Difficulty
451,42,0,Unemployed,Common-law,Victoria,British Columbia,263876.91,5.029,15,180,260909.97,In Deferment,2090.71,2025-01-08,2040-01-08,1.0,Bank of Nova Scotia,NAIT,Edmonton,Alberta,Sports Management,Business,Bachelor's,1.0,4.0,73.4,73.4,40048.59,0,0.0,0,0,Never,Low Income,Mid-Career (35-49),98.88,inf,Proactive Monitoring,Low Difficulty
302,19,53632,Full-time,Widowed,Steinbach,Manitoba,262383.69,5.381,20,240,245581.55,Active,1787.31,2023-02-08,2043-02-08,1.0,BMO Student Banking Program,University of Ottawa,Ottawa,Ontario,Architecture,Design,Bachelor's,3.0,5.0,68.1,68.1,64043.12,7,1787.31,0,0,2023-12-01,Medium Income,Young Adult (18-24),93.6,39.99,Proactive Monitoring,High Difficulty
91,25,0,Unemployed,Widowed,Calgary,Alberta,261435.71,4.302,20,240,237347.9,Active,1626.16,2022-07-08,2042-07-08,1.0,Royal Bank of Canada,University of Alberta,Edmonton,Alberta,Elementary Education,Education,Bachelor's,2.0,4.0,87.2,87.2,48470.28,3,1626.16,0,0,2023-12-01,Low Income,Young Professional (25-34),90.79,inf,Proactive Monitoring,Medium Difficulty
499,22,0,Unemployed,Widowed,Victoria,British Columbia,260578.71,3.801,20,240,236152.9,Active,1551.87,2023-02-08,2043-02-08,1.0,National Bank of Canada,York University,Toronto,Ontario,Mathematics,Science,Bachelor's,3.0,4.0,73.0,73.0,59771.34,3,1551.87,0,0,2023-12-02,Low Income,Young Adult (18-24),90.63,inf,Proactive Monitoring,High Difficulty
920,42,0,Unemployed,Divorced,Surrey,British Columbia,258612.4,4.452999999999999,25,300,239973.54,Active,1430.56,2022-09-08,2047-09-08,1.0,RBC Student Banking,Ryerson University,Toronto,Ontario,Marketing,Business,Bachelor's,1.0,4.0,82.9,82.9,47788.43,0,0.0,0,0,Never,Low Income,Mid-Career (35-49),92.79,inf,Proactive Monitoring,Low Difficulty
669,20,0,Unemployed,Married,Edmonton,Alberta,258389.36,3.858,25,300,239418.34,Active,1343.7,2022-05-08,2047-05-08,1.0,Canada Student Loans Program,University of Alberta,Edmonton,Alberta,Doctor of Pharmacy,Healthcare,Professional,3.0,4.0,94.0,94.0,90553.81,0,0.0,0,0,Never,Low Income,Young Adult (18-24),92.66,inf,Proactive Monitoring,High Difficulty
191,20,41850,Full-time,Single,Toronto,Ontario,256255.9,4.014,20,240,191480.4,Active,1554.75,2019-08-08,2039-08-08,1.0,RBC Student Banking,Memorial University,St. John's,Newfoundland,Social Work,Social Sciences,Bachelor's,2.0,4.0,81.7,81.7,47749.46,0,0.0,0,0,Never,Medium Income,Young Adult (18-24),74.72,44.58,Proactive Monitoring,Medium Difficulty
621,28,0,Unemployed,Divorced,Hamilton,Ontario,255116.36,5.322,15,180,255116.36,Active,2060.49,2025-10-08,2040-10-08,1.0,Royal Bank of Canada,University of Ottawa,Ottawa,Ontario,Computer Science,Technology,Bachelor's,2.0,4.0,93.5,93.5,71537.28,0,0.0,0,0,Never,Low Income,Young Professional (25-34),100.0,inf,Proactive Monitoring,Medium Difficulty
837,31,0,Unemployed,Common-law,Red Deer,Alberta,254565.44,4.744,25,300,242920.93,Active,1450.44,2024-03-08,2049-03-08,1.0,TD Student Line of Credit,University of Saskatchewan,Saskatoon,Saskatchewan,Automotive Technology,Technical,Certificate,1.0,2.0,82.5,82.5,43070.11,0,0.0,0,0,Never,Low Income,Young Professional (25-34),95.43,inf,Proactive Monitoring,Low Difficulty
369,28,17862,Part-time,Widowed,Ottawa,Ontario,254464.45,2.543,25,300,233710.61,Active,1147.09,2023-01-08,2048-01-08,1.0,Canada Student Loans Program,University of Alberta,Edmonton,Alberta,Electrical Engineering,Engineering,Bachelor's,3.0,4.0,85.3,85.3,71274.04,7,1147.09,0,0,2023-12-03,Low Income,Young Professional (25-34),91.84,77.06,Proactive Monitoring,High Difficulty
677,43,54408,Full-time,Single,Brampton,Ontario,254420.78,2.662,20,240,189843.58,Active,1368.35,2020-03-08,2040-03-08,1.0,RBC Student Banking,University of British Columbia,Vancouver,British Columbia,Mechanical Engineering,Engineering,Bachelor's,3.0,4.0,84.3,84.3,68800.56,0,0.0,0,0,Never,Medium Income,Mid-Career (35-49),74.62,30.18,Proactive Monitoring,High Difficulty
61,19,52510,Full-time,Single,Calgary,Alberta,254032.64,6.901,20,240,227485.53,Active,1954.44,2021-05-08,2041-05-08,1.0,Bank of Nova Scotia,McMaster University,Hamilton,Ontario,Psychology,Social Sciences,Bachelor's,2.0,4.0,78.4,78.4,44256.05,0,0.0,0,0,Never,Medium Income,Young Adult (18-24),89.55,44.66,Proactive Monitoring,Medium Difficulty
970,34,74562,Full-time,Divorced,Victoria,British Columbia,252804.85,5.383,25,300,213763.2,Active,1534.83,2019-02-08,2044-02-08,1.0,National Bank of Canada,Simon Fraser University,Burnaby,British Columbia,Social Work,Social Sciences,Bachelor's,2.0,4.0,81.7,81.7,47749.46,3,1534.83,0,0,2023-12-02,High Income,Young Professional (25-34),84.56,24.7,Proactive Monitoring,Medium Difficulty
507,32,18012,Part-time,Single,Ottawa,Ontario,251937.16,3.838,25,300,215760.11,Active,1307.39,2019-12-08,2044-12-08,1.0,Royal Bank of Canada,University of Manitoba,Winnipeg,Manitoba,Early Childhood Education,Education,Bachelor's,1.0,4.0,80.9,80.9,46386.58,10,1307.39,0,0,2023-12-02,Low Income,Young Professional (25-34),85.64,87.1,Proactive Monitoring,Low Difficulty
689,31,43204,Full-time,Divorced,Laval,Quebec,245729.79,11.645,25,300,236596.57,Active,2523.86,2021-07-08,2046-07-08,1.0,National Bank of Canada,Simon Fraser University,Burnaby,British Columbia,Business Administration,Business,Bachelor's,1.0,4.0,89.0,89.0,55507.95,6,2523.86,0,0,2023-12-03,Medium Income,Young Professional (25-34),96.28,70.1,Proactive Monitoring,Low Difficulty
672,22,44765,Full-time,Divorced,Brampton,Ontario,245114.22,4.438,25,300,222729.63,In Deferment,1353.81,2022-06-08,2047-06-08,1.0,Bank of Montreal,University of Calgary,Calgary,Alberta,Information Technology,Technology,Bachelor's,2.0,4.0,91.4,91.4,63405.33,0,0.0,0,0,Never,Medium Income,Young Adult (18-24),90.87,36.29,Proactive Monitoring,Medium Difficulty
1,26,40778,Full-time,Common-law,Vancouver,British Columbia,244645.12,5.045,20,240,222369.31,Active,1620.64,2023-05-08,2043-05-08,1.0,CIBC,University of Waterloo,Waterloo,Ontario,Accounting,Business,Bachelor's,2.0,4.0,89.0,89.0,56361.99,4,1620.64,0,0,2023-12-01,Medium Income,Young Professional (25-34),90.89,47.69,Proactive Monitoring,Medium Difficulty
486,30,18822,Part-time,Married,Red Deer,Alberta,244539.84,7.022,20,240,206957.04,Active,1899.15,2020-05-08,2040-05-08,1.0,Bank of Nova Scotia,McMaster University,Hamilton,Ontario,HVAC Technology,Technical,Certificate,1.0,2.0,92.0,92.0,46389.64,0,0.0,0,0,Never,Low Income,Young Professional (25-34),84.63,121.08,Proactive Monitoring,Low Difficulty
783,41,0,Unemployed,Common-law,Lethbridge,Alberta,244423.58,3.892,25,300,240516.41,Active,1275.63,2024-08-08,2049-08-08,1.0,Scotiabank Student Line of Credit,McGill University,Montreal,Quebec,Early Childhood Education,Education,Bachelor's,1.0,4.0,80.9,80.9,46386.58,0,0.0,0,0,Never,Low Income,Mid-Career (35-49),98.4,inf,Proactive Monitoring,Low Difficulty
153,22,18194,Part-time,Widowed,Victoria,British Columbia,243444.11,3.728,20,240,230073.06,Active,1440.57,2024-03-08,2044-03-08,1.0,Royal Bank of Canada,University of Saskatchewan,Saskatoon,Saskatchewan,Doctor of Medicine,Medicine,Professional,3.0,4.0,95.8,95.8,120196.79,0,0.0,0,0,Never,Low Income,Young Adult (18-24),94.51,95.01,Proactive Monitoring,High Difficulty
337,31,54408,Full-time,Divorced,Brampton,Ontario,242510.81,3.155,20,240,195377.53,Active,1363.85,2020-05-08,2040-05-08,1.0,BMO Student Banking Program,York University,Toronto,Ontario,General Studies,Liberal Arts,Bachelor's,1.0,4.0,67.6,67.6,39266.48,3,1363.85,0,0,2023-12-01,Medium Income,Young Professional (25-34),80.56,30.08,Proactive Monitoring,Low Difficulty
220,32,0,Unemployed,Widowed,Montreal,Quebec,241598.76,4.19,25,300,203663.32,Active,1300.73,2019-04-08,2044-04-08,1.0,Bank of Nova Scotia,Simon Fraser University,Burnaby,British Columbia,Juris Doctor (Law),Law,Professional,3.0,3.0,78.8,78.8,75387.23,7,1300.73,0,0,2023-12-02,Low Income,Young Professional (25-34),84.3,inf,Proactive Monitoring,High Difficulty
875,19,0,Unemployed,Divorced,Surrey,British Columbia,240557.88,3.832,15,180,199468.36,Active,1759.19,2022-07-08,2037-07-08,1.0,National Bank of Canada,University of Waterloo,Waterloo,Ontario,Network Administration,Technology,Certificate,2.0,2.0,79.4,79.4,53377.98,0,0.0,0,0,Never,Low Income,Young Adult (18-24),82.92,inf,Proactive Monitoring,Medium Difficulty
75,28,0,Unemployed,Married,Burnaby,British Columbia,239173.92,4.232,25,300,223965.04,Active,1293.29,2022-08-08,2047-08-08,1.0,TD Student Line of Credit,Ryerson University,Toronto,Ontario,Computer Science,Technology,Bachelor's,2.0,4.0,93.5,93.5,71537.28,10,1293.29,0,0,2023-12-02,Low Income,Young Professional (25-34),93.64,inf,Proactive Monitoring,Medium Difficulty
602,18,19449,Part-time,Common-law,Steinbach,Manitoba,239086.76,6.891,15,180,184723.71,Active,2134.44,2020-05-08,2035-05-08,1.0,National Bank of Canada,University of Victoria,Victoria,British Columbia,Architecture,Design,Bachelor's,3.0,5.0,68.1,68.1,64043.12,0,0.0,0,0,Never,Low Income,Young Adult (18-24),77.26,131.69,Proactive Monitoring,High Difficulty
571,33,0,Unemployed,Married,Victoria,British Columbia,237406.38,4.091,20,240,212186.69,Active,1450.05,2022-09-08,2042-09-08,1.0,Scotiabank Student Line of Credit,McGill University,Montreal,Quebec,Juris Doctor (Law),Law,Professional,3.0,3.0,78.8,78.8,75387.23,0,0.0,0,0,Never,Low Income,Young Professional (25-34),89.38,inf,Proactive Monitoring,High Difficulty
222,25,0,Unemployed,Married,Calgary,Alberta,236314.66,7.882,20,240,217759.56,Active,1959.31,2022-12-08,2042-12-08,1.0,National Bank of Canada,McMaster University,Hamilton,Ontario,Physics,Science,Bachelor's,3.0,4.0,73.4,73.4,52697.17,11,1781.190909090909,0,1,2023-12-01,Low Income,Young Professional (25-34),92.15,inf,Proactive Monitoring,High Difficulty
181,30,0,Unemployed,Widowed,Calgary,Alberta,233919.99,2.585,25,300,210133.35,Active,1059.45,2021-11-08,2046-11-08,1.0,Royal Bank of Canada,University of Manitoba,Winnipeg,Manitoba,Dental Hygiene,Healthcare,Associate,2.0,2.0,87.2,87.2,61248.37,3,1059.45,0,0,2023-12-02,Low Income,Young Professional (25-34),89.83,inf,Proactive Monitoring,Medium Difficulty
437,36,41434,Full-time,Married,London,Ontario,233759.53,5.468,20,240,202914.7,Active,1603.78,2021-01-08,2041-01-08,1.0,RBC Student Banking,Simon Fraser University,Burnaby,British Columbia,Sports Management,Business,Bachelor's,1.0,4.0,73.4,73.4,40048.59,7,1603.78,0,0,2023-12-02,Medium Income,Mid-Career (35-49),86.8,46.45,Proactive Monitoring,Low Difficulty
17,41,0,Unemployed,Divorced,Burnaby,British Columbia,233736.06,6.607,20,240,199079.03,Active,1757.43,2020-03-08,2040-03-08,1.0,RBC Student Banking,Dalhousie University,Halifax,Nova Scotia,Master of Social Work,Social Sciences,Master's,2.0,2.0,88.4,88.4,55944.69,3,1757.43,0,0,2023-12-03,Low Income,Mid-Career (35-49),85.17,inf,Proactive Monitoring,Medium Difficulty
503,18,63595,Full-time,Common-law,Toronto,Ontario,233326.87,2.613,25,300,185144.09,Active,1060.07,2019-03-08,2044-03-08,1.0,Bank of Montreal,University of Calgary,Calgary,Alberta,General Studies,Liberal Arts,Bachelor's,1.0,4.0,67.6,67.6,39266.48,10,1060.07,0,0,2023-12-02,Medium Income,Young Adult (18-24),79.35,20.0,Proactive Monitoring,Low Difficulty
508,38,59218,Full-time,Single,Surrey,British Columbia,232726.15,4.585,25,300,191653.15,Active,1304.82,2019-05-08,2044-05-08,1.0,National Bank of Canada,Dalhousie University,Halifax,Nova Scotia,Doctor of Pharmacy,Healthcare,Professional,3.0,4.0,94.0,94.0,90553.81,6,1304.82,0,0,2023-12-02,Medium Income,Mid-Career (35-49),82.35,26.44,Proactive Monitoring,High Difficulty
892,25,54528,Full-time,Common-law,Brampton,Ontario,232231.53,8.395,25,300,204938.25,Active,1853.59,2018-08-08,2043-08-08,1.0,CIBC,Concordia University,Montreal,Quebec,Social Work,Social Sciences,Bachelor's,2.0,4.0,81.7,81.7,47749.46,0,0.0,0,0,Never,Medium Income,Young Professional (25-34),88.25,40.79,Proactive Monitoring,Medium Difficulty
446,21,19991,Part-time,Common-law,Calgary,Alberta,230701.17,4.359999999999999,20,240,208887.16,Active,1442.15,2022-12-08,2042-12-08,1.0,Royal Bank of Canada,Concordia University,Montreal,Quebec,Master of Business Administration,Business,Master's,2.0,2.0,92.6,92.6,93253.27,0,0.0,0,0,Never,Low Income,Young Adult (18-24),90.54,86.57,Proactive Monitoring,Medium Difficulty
66,43,24432,Part-time,Divorced,Ottawa,Ontario,230137.48,4.473,25,300,213114.96,Active,1275.65,2022-02-08,2047-02-08,1.0,RBC Student Banking,Simon Fraser University,Burnaby,British Columbia,Aerospace Engineering,Engineering,Bachelor's,3.0,4.0,80.0,80.0,74705.15,11,1275.65,0,0,2023-12-08,Low Income,Mid-Career (35-49),92.6,62.65,Proactive Monitoring,High Difficulty
89,44,0,Unemployed,Widowed,Lethbridge,Alberta,229387.62,4.137,25,300,208644.26,Active,1228.21,2022-08-08,2047-08-08,1.0,BMO Student Banking Program,Ryerson University,Toronto,Ontario,Medical Assistant,Healthcare,Certificate,1.0,1.0,86.8,86.8,36563.35,7,1228.2100000000003,0,0,2023-12-01,Low Income,Mid-Career (35-49),90.96,inf,Proactive Monitoring,Low Difficulty
322,42,21868,Part-time,Common-law,Ottawa,Ontario,228542.84,6.017,25,300,204693.12,Active,1474.88,2020-08-08,2045-08-08,1.0,CIBC,University of Victoria,Victoria,British Columbia,Architecture,Design,Bachelor's,3.0,5.0,68.1,68.1,64043.12,3,1474.88,0,0,2023-12-01,Low Income,Mid-Career (35-49),89.56,80.93,Proactive Monitoring,High Difficulty
309,41,63225,Full-time,Single,Edmonton,Alberta,228498.74,11.613,15,180,205458.65,Active,2685.74,2022-12-08,2037-12-08,1.0,TD Canada Trust,NAIT,Edmonton,Alberta,Automotive Technology,Technical,Certificate,1.0,2.0,82.5,82.5,43070.11,7,2685.7400000000002,0,0,2023-12-03,Medium Income,Mid-Career (35-49),89.92,50.97,Proactive Monitoring,Low Difficulty
878,36,0,Unemployed,Married,Quebec City,Quebec,227012.7,4.0649999999999995,20,240,212341.41,Active,1383.44,2023-05-08,2043-05-08,1.0,Scotiabank Student Line of Credit,McMaster University,Hamilton,Ontario,Master of Education,Education,Master's,2.0,2.0,89.0,89.0,62772.62,5,1383.44,0,0,2023-12-05,Low Income,Mid-Career (35-49),93.54,inf,Proactive Monitoring,Medium Difficulty
992,26,52456,Full-time,Married,Victoria,British Columbia,225630.93,4.553,25,300,203874.86,In Deferment,1260.93,2021-09-08,2046-09-08,1.0,Bank of Nova Scotia,Dalhousie University,Halifax,Nova Scotia,Chemical Engineering,Engineering,Bachelor's,3.0,4.0,88.5,88.5,73095.5,19,1260.93,0,0,2023-12-01,Medium Income,Young Professional (25-34),90.36,28.85,Proactive Monitoring,High Difficulty
387,39,0,Unemployed,Widowed,Edmonton,Alberta,225162.48,9.706,15,180,206299.77,Active,2379.27,2023-10-08,2038-10-08,1.0,National Bank of Canada,University of Saskatchewan,Saskatoon,Saskatchewan,Criminal Justice,Social Sciences,Bachelor's,2.0,4.0,82.2,82.2,45869.85,0,0.0,0,0,Never,Low Income,Mid-Career (35-49),91.62,inf,Proactive Monitoring,Medium Difficulty
745,37,41810,Full-time,Married,Brandon,Manitoba,224564.02,5.351,15,180,179996.97,Active,1817.17,2021-03-08,2036-03-08,1.0,BMO Student Banking Program,Queen's University,Kingston,Ontario,Chemistry,Science,Bachelor's,3.0,4.0,78.3,78.3,54889.19,0,0.0,0,0,Never,Medium Income,Mid-Career (35-49),80.15,52.16,Proactive Monitoring,High Difficulty
273,43,22416,Part-time,Widowed,Calgary,Alberta,224503.39,4.446,20,240,182555.84,In Deferment,1413.78,2020-01-08,2040-01-08,1.0,Canada Student Loans Program,McGill University,Montreal,Quebec,Chemical Engineering,Engineering,Bachelor's,3.0,4.0,88.5,88.5,73095.5,0,0.0,0,0,Never,Low Income,Mid-Career (35-49),81.32,75.68,Proactive Monitoring,High Difficulty
108,41,0,Unemployed,Widowed,Vancouver,British Columbia,224126.49,11.669,20,240,205787.23,Active,2416.3,2020-07-08,2040-07-08,1.0,Bank of Nova Scotia,University of Calgary,Calgary,Alberta,Architecture,Design,Bachelor's,3.0,5.0,68.1,68.1,64043.12,0,0.0,0,0,Never,Low Income,Mid-Career (35-49),91.82,inf,Proactive Monitoring,High Difficulty
854,43,16756,Part-time,Divorced,Calgary,Alberta,223991.87,9.959,25,300,206402.64,Active,2028.95,2020-02-08,2045-02-08,1.0,Royal Bank of Canada,University of Ottawa,Ottawa,Ontario,Master of Education,Education,Master's,2.0,2.0,89.0,89.0,62772.62,3,2028.95,0,0,2023-12-02,Low Income,Mid-Career (35-49),92.15,145.31,Proactive Monitoring,Medium Difficulty
497,36,65081,Full-time,Single,Toronto,Ontario,223513.23,11.712,15,180,212290.99,In Forbearance,2641.26,2023-06-08,2038-06-08,1.0,Canada Student Loans Program,Memorial University,St. John's,Newfoundland,Early Childhood Education,Education,Bachelor's,1.0,4.0,80.9,80.9,46386.58,4,2641.26,0,0,2023-12-06,Medium Income,Mid-Career (35-49),94.98,48.7,Proactive Monitoring,Low Difficulty
3,22,0,Unemployed,Common-law,Victoria,British Columbia,223198.68,3.208,15,180,220289.58,Active,1563.8,2026-01-08,2041-01-08,1.0,National Bank of Canada,Memorial University,St. John's,Newfoundland,Pre-Medicine,Science,Bachelor's,3.0,4.0,63.0,63.0,45054.86,0,0.0,0,0,Never,Low Income,Young Adult (18-24),98.7,inf,Proactive Monitoring,High Difficulty
906,24,18211,Part-time,Common-law,Vancouver,British Columbia,222565.13,4.236000000000001,20,240,194491.92,Active,1376.54,2022-02-08,2042-02-08,1.0,Bank of Nova Scotia,University of British Columbia,Vancouver,British Columbia,Early Childhood Education,Education,Bachelor's,1.0,4.0,80.9,80.9,46386.58,15,1284.7706666666666,0,1,2023-12-03,Low Income,Young Adult (18-24),87.39,90.71,Proactive Monitoring,Low Difficulty
729,42,52469,Full-time,Divorced,Toronto,Ontario,222481.53,7.703,20,240,189203.28,Active,1820.01,2020-08-08,2040-08-08,1.0,BMO Student Banking Program,University of Waterloo,Waterloo,Ontario,Architecture,Design,Bachelor's,3.0,5.0,68.1,68.1,64043.12,3,1820.01,0,0,2023-12-03,Medium Income,Mid-Career (35-49),85.04,41.62,Proactive Monitoring,High Difficulty
919,40,0,Unemployed,Married,Steinbach,Manitoba,222329.23,5.727,25,300,190805.79,Active,1395.6,2019-05-08,2044-05-08,1.0,Canada Student Loans Program,Carleton University,Ottawa,Ontario,Chemistry,Science,Bachelor's,3.0,4.0,78.3,78.3,54889.19,3,1395.5999999999997,0,0,2023-12-06,Low Income,Mid-Career (35-49),85.82,inf,Proactive Monitoring,High Difficulty
117,33,57674,Full-time,Widowed,Quebec City,Quebec,221042.09,3.515,25,300,197325.39,Active,1108.37,2021-04-08,2046-04-08,1.0,Scotiabank Student Line of Credit,Concordia University,Montreal,Quebec,Chemistry,Science,Bachelor's,3.0,4.0,78.3,78.3,54889.19,7,1108.37,0,0,2023-12-03,Medium Income,Young Professional (25-34),89.27,23.06,Proactive Monitoring,High Difficulty
968,41,65515,Full-time,Common-law,Toronto,Ontario,220690.73,7.829,20,240,186873.32,Active,1822.53,2019-07-08,2039-07-08,1.0,TD Student Line of Credit,University of Victoria,Victoria,British Columbia,Mathematics,Science,Bachelor's,3.0,4.0,73.0,73.0,59771.34,0,0.0,0,0,Never,Medium Income,Mid-Career (35-49),84.68,33.38,Proactive Monitoring,High Difficulty
710,24,0,Unemployed,Widowed,Quebec City,Quebec,220283.16,2.782,25,300,192182.01,Active,1019.8,2020-12-08,2045-12-08,1.0,Bank of Montreal,Memorial University,St. John's,Newfoundland,Master of Business Administration,Business,Master's,2.0,2.0,92.6,92.6,93253.27,2,1019.8,0,0,2023-12-06,Low Income,Young Adult (18-24),87.24,inf,Proactive Monitoring,Medium Difficulty
493,28,48627,Full-time,Widowed,Steinbach,Manitoba,218799.98,2.808,20,240,180446.73,Active,1192.54,2021-11-08,2041-11-08,1.0,TD Student Line of Credit,University of Manitoba,Winnipeg,Manitoba,Hospitality Management,Business,Bachelor's,1.0,4.0,74.8,74.8,43656.21,3,1192.54,0,0,2023-12-03,Medium Income,Young Professional (25-34),82.47,29.43,Proactive Monitoring,Low Difficulty
447,19,0,Unemployed,Common-law,Red Deer,Alberta,218720.44,8.671,25,300,199350.59,Active,1786.47,2020-05-08,2045-05-08,1.0,Scotiabank Student Line of Credit,Queen's University,Kingston,Ontario,Biomedical Engineering,Engineering,Bachelor's,3.0,4.0,87.2,87.2,66515.13,0,0.0,0,0,Never,Low Income,Young Adult (18-24),91.14,inf,Proactive Monitoring,High Difficulty
731,32,0,Unemployed,Married,Montreal,Quebec,218475.76,4.172,15,180,182980.29,Active,1634.93,2022-02-08,2037-02-08,1.0,Provincial Student Aid,Ryerson University,Toronto,Ontario,Computer Science,Technology,Bachelor's,2.0,4.0,93.5,93.5,71537.28,3,544.9766666666667,0,2,2023-12-03,Low Income,Young Professional (25-34),83.75,inf,Proactive Monitoring,Medium Difficulty
80,23,0,Unemployed,Married,Steinbach,Manitoba,217820.15,4.3919999999999995,15,180,156136.02,Active,1654.31,2020-01-08,2035-01-08,1.0,Scotiabank Student Line of Credit,University of Victoria,Victoria,British Columbia,Business Administration,Business,Bachelor's,1.0,4.0,89.0,89.0,55507.95,0,0.0,0,0,Never,Low Income,Young Adult (18-24),71.68,inf,Proactive Monitoring,Low Difficulty
254,24,0,Unemployed,Widowed,Quebec City,Quebec,217485.8,4.62,25,300,202596.06,Active,1223.72,2022-04-08,2047-04-08,1.0,BMO Student Banking Program,Simon Fraser University,Burnaby,British Columbia,Biomedical Engineering,Engineering,Bachelor's,3.0,4.0,87.2,87.2,66515.13,10,1223.72,0,0,2023-12-01,Low Income,Young Adult (18-24),93.15,inf,Proactive Monitoring,High Difficulty
811,28,0,Unemployed,Common-law,London,Ontario,217332.49,6.074,20,240,184107.97,In Deferment,1566.33,2021-03-08,2041-03-08,1.0,CIBC,University of Calgary,Calgary,Alberta,Chemistry,Science,Bachelor's,3.0,4.0,78.3,78.3,54889.19,7,1566.33,0,0,2023-12-01,Low Income,Young Professional (25-34),84.71,inf,Proactive Monitoring,High Difficulty
314,37,0,Unemployed,Widowed,Lethbridge,Alberta,217202.27,11.107,15,180,193749.59,Active,2483.33,2022-05-08,2037-05-08,1.0,Bank of Nova Scotia,McMaster University,Hamilton,Ontario,Human Resources,Business,Bachelor's,1.0,4.0,84.0,84.0,53249.69,7,1773.8071428571427,0,2,2023-11-03,Low Income,Mid-Career (35-49),89.2,inf,Proactive Monitoring,Low Difficulty
796,30,67909,Full-time,Divorced,Montreal,Quebec,217003.12,4.7010000000000005,20,240,184214.72,Active,1396.52,2021-04-08,2041-04-08,1.0,Canada Student Loans Program,Ryerson University,Toronto,Ontario,Electrical Engineering,Engineering,Bachelor's,3.0,4.0,85.3,85.3,71274.04,0,0.0,0,0,Never,Medium Income,Young Professional (25-34),84.89,24.68,Proactive Monitoring,High Difficulty
214,34,16553,Part-time,Widowed,Laval,Quebec,216563.76,4.503,15,180,200870.39,Active,1657.03,2024-04-08,2039-04-08,1.0,Provincial Student Aid,Simon Fraser University,Burnaby,British Columbia,Marketing,Business,Bachelor's,1.0,4.0,82.9,82.9,47788.43,0,0.0,0,0,Never,Low Income,Young Professional (25-34),92.75,120.13,Proactive Monitoring,Low Difficulty
833,37,21109,Part-time,Divorced,Laval,Quebec,214805.3,3.761,15,180,194566.16,Active,1563.28,2024-06-08,2039-06-08,1.0,Bank of Montreal,Ryerson University,Toronto,Ontario,HVAC Technology,Technical,Certificate,1.0,2.0,92.0,92.0,46389.64,0,0.0,0,0,Never,Low Income,Mid-Career (35-49),90.58,88.87,Proactive Monitoring,Low Difficulty
265,38,16727,Part-time,Divorced,Surrey,British Columbia,214596.53,4.488,20,240,174645.65,In Deferment,1356.25,2020-01-08,2040-01-08,1.0,BMO Student Banking Program,Carleton University,Ottawa,Ontario,Automotive Technology,Technical,Certificate,1.0,2.0,82.5,82.5,43070.11,0,0.0,0,0,Never,Low Income,Mid-Career (35-49),81.38,97.3,Proactive Monitoring,Low Difficulty
29,37,19880,Part-time,Single,Mississauga,Ontario,214556.92,5.038,20,240,185069.16,In Forbearance,1420.49,2021-01-08,2041-01-08,1.0,Bank of Nova Scotia,University of Waterloo,Waterloo,Ontario,Accounting,Business,Bachelor's,2.0,4.0,89.0,89.0,56361.99,0,0.0,0,0,Never,Low Income,Mid-Career (35-49),86.26,85.74,Proactive Monitoring,Medium Difficulty
515,25,67016,Full-time,Single,Edmonton,Alberta,214386.94,3.679,25,300,187233.75,Active,1093.96,2021-01-08,2046-01-08,1.0,Scotiabank Student Line of Credit,University of Ottawa,Ottawa,Ontario,Master of Social Work,Social Sciences,Master's,2.0,2.0,88.4,88.4,55944.69,7,1093.96,0,0,2023-12-03,Medium Income,Young Professional (25-34),87.33,19.59,Proactive Monitoring,Medium Difficulty
778,31,15221,Part-time,Divorced,Toronto,Ontario,211745.05,3.229,20,240,175966.27,Active,1198.75,2021-05-08,2041-05-08,1.0,Bank of Montreal,NAIT,Edmonton,Alberta,Biomedical Engineering,Engineering,Bachelor's,3.0,4.0,87.2,87.2,66515.13,10,1198.75,0,0,2023-12-02,Low Income,Young Professional (25-34),83.1,94.51,Proactive Monitoring,High Difficulty
104,26,0,Unemployed,Common-law,Quebec City,Quebec,211455.69,11.267,15,180,184812.77,Active,2438.97,2021-05-08,2036-05-08,1.0,CIBC,Dalhousie University,Halifax,Nova Scotia,Master of Social Work,Social Sciences,Master's,2.0,2.0,88.4,88.4,55944.69,0,0.0,0,0,Never,Low Income,Young Professional (25-34),87.4,inf,Proactive Monitoring,Medium Difficulty
436,34,0,Unemployed,Widowed,Steinbach,Manitoba,210458.39,8.521,20,240,204807.05,Active,1829.21,2024-06-08,2044-06-08,1.0,Royal Bank of Canada,Carleton University,Ottawa,Ontario,General Studies,Liberal Arts,Bachelor's,1.0,4.0,67.6,67.6,39266.48,0,0.0,0,0,Never,Low Income,Young Professional (25-34),97.31,inf,Proactive Monitoring,Low Difficulty
863,30,18501,Part-time,Single,Ottawa,Ontario,210041.28,4.75,25,300,194209.5,Active,1197.48,2021-12-08,2046-12-08,1.0,Bank of Montreal,Concordia University,Montreal,Quebec,Aerospace Engineering,Engineering,Bachelor's,3.0,4.0,80.0,80.0,74705.15,10,1197.48,0,0,2023-12-04,Low Income,Young Professional (25-34),92.46,77.67,Proactive Monitoring,High Difficulty
470,21,0,Unemployed,Divorced,Edmonton,Alberta,209308.24,6.835,20,240,199729.74,Active,1602.1,2023-06-08,2043-06-08,1.0,Bank of Montreal,University of Manitoba,Winnipeg,Manitoba,Pre-Medicine,Science,Bachelor's,3.0,4.0,63.0,63.0,45054.86,3,1602.0999999999997,0,0,2023-12-02,Low Income,Young Adult (18-24),95.42,inf,Proactive Monitoring,High Difficulty
637,28,0,Unemployed,Widowed,Red Deer,Alberta,208018.51,9.534,25,300,199833.7,Active,1822.37,2021-11-08,2046-11-08,1.0,Bank of Montreal,Concordia University,Montreal,Quebec,Aerospace Engineering,Engineering,Bachelor's,3.0,4.0,80.0,80.0,74705.15,3,1822.37,0,0,2023-12-02,Low Income,Young Professional (25-34),96.07,inf,Proactive Monitoring,High Difficulty
847,19,50688,Full-time,Single,Hamilton,Ontario,207930.64,10.988,20,240,183558.23,Active,2144.54,2020-05-08,2040-05-08,1.0,Bank of Nova Scotia,Concordia University,Montreal,Quebec,Information Technology,Technology,Bachelor's,2.0,4.0,91.4,91.4,63405.33,0,0.0,0,0,Never,Medium Income,Young Adult (18-24),88.28,50.77,Proactive Monitoring,Medium Difficulty
986,24,19248,Part-time,Divorced,Quebec City,Quebec,207360.88,4.385,25,300,199871.84,Active,1139.09,2023-09-08,2048-09-08,1.0,Bank of Montreal,University of Manitoba,Winnipeg,Manitoba,Computer Science,Technology,Bachelor's,2.0,4.0,93.5,93.5,71537.28,2,1139.09,0,0,2023-12-08,Low Income,Young Adult (18-24),96.39,71.02,Proactive Monitoring,Medium Difficulty
647,38,19716,Part-time,Single,Quebec City,Quebec,205166.62,4.308,25,300,179196.01,In Deferment,1118.14,2020-09-08,2045-09-08,1.0,Bank of Montreal,McGill University,Montreal,Quebec,Communications,Liberal Arts,Bachelor's,1.0,4.0,75.2,75.2,43205.15,19,1118.14,0,0,2023-12-01,Low Income,Mid-Career (35-49),87.34,68.05,Proactive Monitoring,Low Difficulty
813,22,23673,Part-time,Single,Burnaby,British Columbia,204738.92,4.48,20,240,182586.87,Active,1293.07,2022-01-08,2042-01-08,1.0,Provincial Student Aid,McMaster University,Hamilton,Ontario,Automotive Technology,Technical,Certificate,1.0,2.0,82.5,82.5,43070.11,21,1293.07,0,0,2023-12-03,Low Income,Young Adult (18-24),89.18,65.55,Proactive Monitoring,Low Difficulty
948,20,44397,Full-time,Single,Toronto,Ontario,204275.28,5.943,15,180,180688.39,In Forbearance,1717.51,2023-03-08,2038-03-08,1.0,Canada Student Loans Program,Carleton University,Ottawa,Ontario,Social Work,Social Sciences,Bachelor's,2.0,4.0,81.7,81.7,47749.46,3,1717.51,0,0,2023-12-01,Medium Income,Young Adult (18-24),88.45,46.42,Proactive Monitoring,Medium Difficulty
945,19,17555,Part-time,Single,Brampton,Ontario,202779.17,6.762,20,240,188293.37,Active,1543.31,2023-01-08,2043-01-08,1.0,BMO Student Banking Program,York University,Toronto,Ontario,Criminal Justice,Social Sciences,Bachelor's,2.0,4.0,82.2,82.2,45869.85,3,1543.3100000000002,0,0,2023-12-03,Low Income,Young Adult (18-24),92.86,105.5,Proactive Monitoring,Medium Difficulty
604,43,50204,Full-time,Divorced,Vancouver,British Columbia,201754.98,8.897,15,180,169326.16,Active,2033.99,2022-02-08,2037-02-08,1.0,Canada Student Loans Program,University of Waterloo,Waterloo,Ontario,Pre-Medicine,Science,Bachelor's,3.0,4.0,63.0,63.0,45054.86,0,0.0,0,0,Never,Medium Income,Mid-Career (35-49),83.93,48.62,Proactive Monitoring,High Difficulty
115,23,22535,Part-time,Single,Laval,Quebec,201658.82,3.255,20,240,169035.55,Active,1144.31,2021-01-08,2041-01-08,1.0,Scotiabank Student Line of Credit,University of Victoria,Victoria,British Columbia,Master of Business Administration,Business,Master's,2.0,2.0,92.6,92.6,93253.27,15,1144.31,0,0,2023-12-02,Low Income,Young Adult (18-24),83.82,60.94,Proactive Monitoring,Medium Difficulty
25,36,0,Unemployed,Divorced,Victoria,British Columbia,199482.59,8.298,25,300,173152.03,Active,1579.22,2018-07-08,2043-07-08,1.0,Scotiabank Student Line of Credit,NAIT,Edmonton,Alberta,Chemical Engineering,Engineering,Bachelor's,3.0,4.0,88.5,88.5,73095.5,3,1579.22,0,0,2023-12-02,Low Income,Mid-Career (35-49),86.8,inf,Proactive Monitoring,High Difficulty
434,19,72299,Full-time,Common-law,Surrey,British Columbia,199457.59,3.555,20,240,166711.59,Active,1162.42,2021-05-08,2041-05-08,1.0,Bank of Montreal,University of Saskatchewan,Saskatoon,Saskatchewan,Physics,Science,Bachelor's,3.0,4.0,73.4,73.4,52697.17,15,1162.4200000000003,0,0,2023-12-02,High Income,Young Adult (18-24),83.58,19.29,Proactive Monitoring,High Difficulty
353,20,0,Unemployed,Common-law,Laval,Quebec,199382.94,2.93,20,240,138628.94,Active,1098.8,2018-06-08,2038-06-08,1.0,Provincial Student Aid,University of Alberta,Edmonton,Alberta,Master of Business Administration,Business,Master's,2.0,2.0,92.6,92.6,93253.27,0,0.0,0,0,Never,Low Income,Young Adult (18-24),69.53,inf,Proactive Monitoring,Medium Difficulty
680,30,0,Unemployed,Widowed,Steinbach,Manitoba,199038.94,11.805,20,240,188049.71,Active,2164.59,2022-03-08,2042-03-08,1.0,BMO Student Banking Program,University of Toronto,Toronto,Ontario,Early Childhood Education,Education,Bachelor's,1.0,4.0,80.9,80.9,46386.58,11,2164.59,0,0,2023-12-01,Low Income,Young Professional (25-34),94.48,inf,Proactive Monitoring,Low Difficulty
752,42,54605,Full-time,Married,Montreal,Quebec,198386.45,5.418,15,180,179465.09,Active,1612.36,2023-09-08,2038-09-08,1.0,Scotiabank Student Line of Credit,University of Manitoba,Winnipeg,Manitoba,Mathematics,Science,Bachelor's,3.0,4.0,73.0,73.0,59771.34,3,1612.36,0,0,2023-12-03,Medium Income,Mid-Career (35-49),90.46,35.43,Proactive Monitoring,High Difficulty
128,31,0,Unemployed,Widowed,Laval,Quebec,197706.79,3.492,20,240,156262.6,Active,1145.81,2020-10-08,2040-10-08,1.0,Provincial Student Aid,University of Manitoba,Winnipeg,Manitoba,Mathematics,Science,Bachelor's,3.0,4.0,73.0,73.0,59771.34,3,1145.81,0,0,2023-12-03,Low Income,Young Professional (25-34),79.04,inf,Proactive Monitoring,High Difficulty
381,41,0,Unemployed,Divorced,Ottawa,Ontario,197670.38,12.347,15,180,170868.21,Active,2416.68,2020-11-08,2035-11-08,1.0,National Bank of Canada,Dalhousie University,Halifax,Nova Scotia,Juris Doctor (Law),Law,Professional,3.0,3.0,78.8,78.8,75387.23,3,2416.68,0,0,2023-12-03,Low Income,Mid-Career (35-49),86.44,inf,Proactive Monitoring,High Difficulty
408,34,16806,Part-time,Married,Laval,Quebec,197609.88,10.018,25,300,192571.87,Active,1798.19,2022-10-08,2047-10-08,1.0,National Bank of Canada,Dalhousie University,Halifax,Nova Scotia,HVAC Technology,Technical,Certificate,1.0,2.0,92.0,92.0,46389.64,3,1798.1899999999998,0,0,2023-12-01,Low Income,Young Professional (25-34),97.45,128.4,Proactive Monitoring,Low Difficulty
535,27,0,Unemployed,Divorced,Brampton,Ontario,197398.79,5.744,25,300,176864.79,Active,1241.13,2021-04-08,2046-04-08,1.0,CIBC,University of Alberta,Edmonton,Alberta,Information Technology,Technology,Bachelor's,2.0,4.0,91.4,91.4,63405.33,3,1241.13,0,0,2023-12-01,Low Income,Young Professional (25-34),89.6,inf,Proactive Monitoring,Medium Difficulty
717,32,0,Unemployed,Widowed,Toronto,Ontario,196622.84,4.162,20,240,195038.18,Active,1208.35,2026-01-08,2046-01-08,1.0,Bank of Montreal,Queen's University,Kingston,Ontario,Doctor of Pharmacy,Healthcare,Professional,3.0,4.0,94.0,94.0,90553.81,0,0.0,0,0,Never,Low Income,Young Professional (25-34),99.19,inf,Proactive Monitoring,High Difficulty
600,27,47318,Full-time,Common-law,Lethbridge,Alberta,196607.74,7.283,25,300,172426.22,Active,1425.28,2019-02-08,2044-02-08,1.0,Canada Student Loans Program,University of Toronto,Toronto,Ontario,Aerospace Engineering,Engineering,Bachelor's,3.0,4.0,80.0,80.0,74705.15,7,1425.28,0,0,2023-12-05,Medium Income,Young Professional (25-34),87.7,36.15,Proactive Monitoring,High Difficulty
629,21,16816,Part-time,Single,Ottawa,Ontario,195648.33,6.75,20,240,182577.84,Active,1487.64,2023-09-08,2043-09-08,1.0,Bank of Montreal,University of Ottawa,Ottawa,Ontario,Dental Hygiene,Healthcare,Associate,2.0,2.0,87.2,87.2,61248.37,1,1487.64,0,0,2023-12-01,Low Income,Young Adult (18-24),93.32,106.16,Proactive Monitoring,Medium Difficulty
379,33,17723,Part-time,Common-law,Laval,Quebec,194736.14,6.68,25,300,176431.83,Active,1336.86,2020-09-08,2045-09-08,1.0,National Bank of Canada,Carleton University,Ottawa,Ontario,HVAC Technology,Technical,Certificate,1.0,2.0,92.0,92.0,46389.64,7,1336.86,0,0,2023-12-01,Low Income,Young Professional (25-34),90.6,90.52,Proactive Monitoring,Low Difficulty
411,24,0,Unemployed,Common-law,Laval,Quebec,194211.77,4.058,25,300,180738.69,Active,1031.35,2023-06-08,2048-06-08,1.0,TD Student Line of Credit,University of Alberta,Edmonton,Alberta,Mechanical Engineering,Engineering,Bachelor's,3.0,4.0,84.3,84.3,68800.56,0,0.0,0,0,Never,Low Income,Young Adult (18-24),93.06,inf,Proactive Monitoring,High Difficulty
546,39,15656,Part-time,Common-law,Winnipeg,Manitoba,193881.3,6.933,25,300,168600.8,Active,1362.04,2019-07-08,2044-07-08,1.0,Provincial Student Aid,York University,Toronto,Ontario,Doctor of Pharmacy,Healthcare,Professional,3.0,4.0,94.0,94.0,90553.81,0,0.0,0,0,Never,Low Income,Mid-Career (35-49),86.96,104.4,Proactive Monitoring,High Difficulty
549,21,18091,Part-time,Widowed,Vancouver,British Columbia,192227.23,4.185,25,300,171514.23,Active,1034.38,2021-12-08,2046-12-08,1.0,Canada Student Loans Program,McGill University,Montreal,Quebec,Chemical Engineering,Engineering,Bachelor's,3.0,4.0,88.5,88.5,73095.5,6,689.5866666666667,0,2,2023-11-01,Low Income,Young Adult (18-24),89.22,68.61,Proactive Monitoring,High Difficulty
785,26,15784,Part-time,Single,Edmonton,Alberta,191494.65,3.005,20,240,167000.21,Active,1062.5,2021-12-08,2041-12-08,1.0,RBC Student Banking,York University,Toronto,Ontario,Psychology,Social Sciences,Bachelor's,2.0,4.0,78.4,78.4,44256.05,3,1062.5,0,0,2023-12-01,Low Income,Young Professional (25-34),87.21,80.78,Proactive Monitoring,Medium Difficulty
832,42,0,Unemployed,Single,Red Deer,Alberta,191050.25,3.618,25,300,168985.9,Active,968.58,2020-12-08,2045-12-08,1.0,RBC Student Banking,University of Waterloo,Waterloo,Ontario,Mathematics,Science,Bachelor's,3.0,4.0,73.0,73.0,59771.34,2,968.58,0,0,2023-12-03,Low Income,Mid-Career (35-49),88.45,inf,Proactive Monitoring,High Difficulty
6,20,59394,Full-time,Married,Burnaby,British Columbia,190851.38,7.416,25,300,167398.32,Active,1399.96,2019-07-08,2044-07-08,1.0,TD Canada Trust,University of Alberta,Edmonton,Alberta,Doctor of Pharmacy,Healthcare,Professional,3.0,4.0,94.0,94.0,90553.81,7,1199.9657142857143,0,1,2023-11-01,Medium Income,Young Adult (18-24),87.71,28.28,Proactive Monitoring,High Difficulty
185,43,53022,Full-time,Single,Winnipeg,Manitoba,190775.82,3.742,25,300,160702.19,Active,980.01,2020-07-08,2045-07-08,1.0,TD Canada Trust,University of British Columbia,Vancouver,British Columbia,Sports Management,Business,Bachelor's,1.0,4.0,73.4,73.4,40048.59,10,980.01,0,0,2023-12-04,Medium Income,Mid-Career (35-49),84.24,22.18,Proactive Monitoring,Low Difficulty
155,38,52066,Full-time,Married,Red Deer,Alberta,190762.05,4.711,15,180,157451.45,In Deferment,1479.97,2022-10-08,2037-10-08,1.0,Royal Bank of Canada,Queen's University,Kingston,Ontario,Automotive Technology,Technical,Certificate,1.0,2.0,82.5,82.5,43070.11,0,0.0,0,0,Never,Medium Income,Mid-Career (35-49),82.54,34.11,Proactive Monitoring,Low Difficulty
245,20,0,Unemployed,Widowed,Toronto,Ontario,190625.89,5.277,25,300,165518.44,Active,1145.36,2020-01-08,2045-01-08,1.0,TD Canada Trust,Concordia University,Montreal,Quebec,Mathematics,Science,Bachelor's,3.0,4.0,73.0,73.0,59771.34,0,0.0,0,0,Never,Low Income,Young Adult (18-24),86.83,inf,Proactive Monitoring,High Difficulty
173,41,52621,Full-time,Divorced,Quebec City,Quebec,189942.78,3.284,15,180,172286.44,Active,1337.81,2024-01-08,2039-01-08,1.0,BMO Student Banking Program,University of Calgary,Calgary,Alberta,Mechanical Engineering,Engineering,Bachelor's,3.0,4.0,84.3,84.3,68800.56,0,0.0,0,0,Never,Medium Income,Mid-Career (35-49),90.7,30.51,Proactive Monitoring,High Difficulty
721,26,60570,Full-time,Divorced,Lethbridge,Alberta,189455.81,9.94,25,300,173455.34,Active,1713.58,2019-10-08,2044-10-08,1.0,National Bank of Canada,York University,Toronto,Ontario,Business Administration,Business,Bachelor's,1.0,4.0,89.0,89.0,55507.95,11,1713.5799999999997,0,0,2023-12-02,Medium Income,Young Professional (25-34),91.55,33.95,Proactive Monitoring,Low Difficulty
615,36,55256,Full-time,Married,Laval,Quebec,189327.24,7.761,25,300,181486.07,Active,1431.41,2023-06-08,2048-06-08,1.0,TD Canada Trust,McGill University,Montreal,Quebec,Psychology,Social Sciences,Bachelor's,2.0,4.0,78.4,78.4,44256.05,4,1431.41,0,0,2023-12-01,Medium Income,Mid-Career (35-49),95.86,31.09,Proactive Monitoring,Medium Difficulty
609,39,16960,Part-time,Widowed,Steinbach,Manitoba,189178.15,8.277000000000001,15,180,174678.49,Active,1838.27,2023-03-08,2038-03-08,1.0,Canada Student Loans Program,University of Alberta,Edmonton,Alberta,Social Work,Social Sciences,Bachelor's,2.0,4.0,81.7,81.7,47749.46,7,1838.27,0,0,2023-12-01,Low Income,Mid-Career (35-49),92.34,130.07,Proactive Monitoring,Medium Difficulty
834,29,0,Unemployed,Single,Quebec City,Quebec,188466.02,4.152,15,180,144550.68,In Deferment,1408.46,2021-11-08,2036-11-08,1.0,Canada Student Loans Program,University of Alberta,Edmonton,Alberta,Business Administration,Business,Bachelor's,1.0,4.0,89.0,89.0,55507.95,0,0.0,0,0,Never,Low Income,Young Professional (25-34),76.7,inf,Proactive Monitoring,Low Difficulty
642,19,49534,Full-time,Single,Lethbridge,Alberta,188100.83,4.539,25,300,176619.17,In Deferment,1049.69,2023-08-08,2048-08-08,1.0,Scotiabank Student Line of Credit,York University,Toronto,Ontario,Chemical Engineering,Engineering,Bachelor's,3.0,4.0,88.5,88.5,73095.5,1,1049.69,0,0,2023-12-02,Medium Income,Young Adult (18-24),93.9,25.43,Proactive Monitoring,High Difficulty
350,27,0,Unemployed,Widowed,Lethbridge,Alberta,188066.9,10.751,20,240,161053.87,Active,1909.44,2019-07-08,2039-07-08,1.0,BMO Student Banking Program,Carleton University,Ottawa,Ontario,Nursing,Healthcare,Bachelor's,2.0,4.0,92.5,92.5,65996.75,2,1909.44,0,0,2023-12-01,Low Income,Young Professional (25-34),85.64,inf,Proactive Monitoring,Medium Difficulty
881,34,0,Unemployed,Common-law,Steinbach,Manitoba,187335.53,3.693,20,240,180335.18,Active,1105.14,2025-03-08,2045-03-08,1.0,TD Student Line of Credit,McGill University,Montreal,Quebec,Chemical Engineering,Engineering,Bachelor's,3.0,4.0,88.5,88.5,73095.5,0,0.0,0,0,Never,Low Income,Young Professional (25-34),96.26,inf,Proactive Monitoring,High Difficulty
716,26,49032,Full-time,Single,Victoria,British Columbia,187145.44,4.589,25,300,171566.65,Active,1049.69,2021-09-08,2046-09-08,1.0,Scotiabank Student Line of Credit,Dalhousie University,Halifax,Nova Scotia,HVAC Technology,Technical,Certificate,1.0,2.0,92.0,92.0,46389.64,23,1049.69,0,0,2023-12-03,Medium Income,Young Professional (25-34),91.68,25.69,Proactive Monitoring,Low Difficulty
852,27,17706,Part-time,Widowed,Laval,Quebec,186611.08,5.924,25,300,165038.57,Active,1193.68,2020-09-08,2045-09-08,1.0,Provincial Student Aid,University of Ottawa,Ottawa,Ontario,Doctor of Medicine,Medicine,Professional,3.0,4.0,95.8,95.8,120196.79,0,0.0,0,0,Never,Low Income,Young Professional (25-34),88.44,80.9,Proactive Monitoring,High Difficulty
524,34,67314,Full-time,Common-law,Burnaby,British Columbia,186296.5,9.163,15,180,163701.97,Active,1907.65,2022-12-08,2037-12-08,1.0,National Bank of Canada,York University,Toronto,Ontario,Aerospace Engineering,Engineering,Bachelor's,3.0,4.0,80.0,80.0,74705.15,6,1907.6500000000003,0,0,2023-12-06,Medium Income,Young Professional (25-34),87.87,34.01,Proactive Monitoring,High Difficulty
667,41,0,Unemployed,Married,Ottawa,Ontario,186191.15,3.191,15,180,161869.75,Active,1302.97,2023-11-08,2038-11-08,1.0,Royal Bank of Canada,Memorial University,St. John's,Newfoundland,Master of Business Administration,Business,Master's,2.0,2.0,92.6,92.6,93253.27,0,0.0,0,0,Never,Low Income,Mid-Career (35-49),86.94,inf,Proactive Monitoring,Medium Difficulty
828,19,0,Unemployed,Divorced,Lethbridge,Alberta,186079.16,5.91,25,300,186079.16,In Grace Period,1188.69,2026-02-08,2051-02-08,1.0,Canada Student Loans Program,Concordia University,Montreal,Quebec,Medical Assistant,Healthcare,Certificate,1.0,1.0,86.8,86.8,36563.35,0,0.0,0,0,Never,Low Income,Young Adult (18-24),100.0,inf,Proactive Monitoring,Low Difficulty
987,37,17973,Part-time,Single,Hamilton,Ontario,186052.35,4.2,25,300,166880.59,Active,1002.71,2021-02-08,2046-02-08,1.0,RBC Student Banking,University of Alberta,Edmonton,Alberta,Information Technology,Technology,Bachelor's,2.0,4.0,91.4,91.4,63405.33,3,1002.71,0,0,2023-12-03,Low Income,Mid-Career (35-49),89.7,66.95,Proactive Monitoring,Medium Difficulty
445,41,23699,Part-time,Married,Burnaby,British Columbia,186032.94,2.598,25,300,167145.47,Active,843.79,2021-11-08,2046-11-08,1.0,Bank of Montreal,York University,Toronto,Ontario,Hospitality Management,Business,Bachelor's,1.0,4.0,74.8,74.8,43656.21,11,843.7899999999998,0,0,2023-12-02,Low Income,Mid-Career (35-49),89.85,42.73,Proactive Monitoring,Low Difficulty
354,31,58264,Full-time,Common-law,Brandon,Manitoba,185656.71,11.192,15,180,157668.98,Active,2132.61,2021-10-08,2036-10-08,1.0,TD Student Line of Credit,Simon Fraser University,Burnaby,British Columbia,Hospitality Management,Business,Bachelor's,1.0,4.0,74.8,74.8,43656.21,0,0.0,0,0,Never,Medium Income,Young Professional (25-34),84.93,43.92,Proactive Monitoring,Low Difficulty
193,44,15118,Part-time,Widowed,Ottawa,Ontario,185416.31,3.07,20,240,145836.73,Active,1034.82,2020-11-08,2040-11-08,1.0,Bank of Nova Scotia,University of Victoria,Victoria,British Columbia,Master of Social Work,Social Sciences,Master's,2.0,2.0,88.4,88.4,55944.69,10,1034.82,0,0,2023-12-01,Low Income,Mid-Career (35-49),78.65,82.14,Proactive Monitoring,Medium Difficulty
364,31,0,Unemployed,Widowed,Quebec City,Quebec,184016.78,2.623,15,180,145475.03,Active,1237.69,2022-08-08,2037-08-08,1.0,Scotiabank Student Line of Credit,Ryerson University,Toronto,Ontario,Communications,Liberal Arts,Bachelor's,1.0,4.0,75.2,75.2,43205.15,7,1237.69,0,0,2023-12-06,Low Income,Young Professional (25-34),79.06,inf,Proactive Monitoring,Low Difficulty
880,39,15992,Part-time,Married,Brampton,Ontario,183990.45,3.706,15,180,158275.3,Active,1334.01,2023-08-08,2038-08-08,1.0,TD Student Line of Credit,University of Calgary,Calgary,Alberta,Accounting,Business,Bachelor's,2.0,4.0,89.0,89.0,56361.99,0,0.0,0,0,Never,Low Income,Mid-Career (35-49),86.02,100.1,Proactive Monitoring,Medium Difficulty
35,26,0,Unemployed,Common-law,Montreal,Quebec,183939.32,2.806,25,300,163387.48,Active,853.81,2021-12-08,2046-12-08,1.0,Bank of Montreal,University of Saskatchewan,Saskatoon,Saskatchewan,Sports Management,Business,Bachelor's,1.0,4.0,73.4,73.4,40048.59,0,0.0,0,0,Never,Low Income,Young Professional (25-34),88.83,inf,Proactive Monitoring,Low Difficulty
236,19,40393,Full-time,Married,Red Deer,Alberta,183786.25,4.158,20,240,151623.34,Active,1129.07,2021-05-08,2041-05-08,1.0,Canada Student Loans Program,Ryerson University,Toronto,Ontario,Physics,Science,Bachelor's,3.0,4.0,73.4,73.4,52697.17,0,0.0,0,0,Never,Medium Income,Young Adult (18-24),82.5,33.54,Proactive Monitoring,High Difficulty
111,41,18549,Part-time,Widowed,Lethbridge,Alberta,183772.83,2.698,20,240,160851.94,Active,991.64,2022-02-08,2042-02-08,1.0,Bank of Montreal,NAIT,Edmonton,Alberta,Marketing,Business,Bachelor's,1.0,4.0,82.9,82.9,47788.43,0,0.0,0,0,Never,Low Income,Mid-Career (35-49),87.53,64.15,Proactive Monitoring,Low Difficulty
163,20,21287,Part-time,Widowed,Victoria,British Columbia,183076.47,11.341,15,180,140787.37,Active,2120.21,2020-02-08,2035-02-08,1.0,Bank of Montreal,Simon Fraser University,Burnaby,British Columbia,Information Technology,Technology,Bachelor's,2.0,4.0,91.4,91.4,63405.33,0,0.0,0,0,Never,Low Income,Young Adult (18-24),76.9,119.52,Proactive Monitoring,Medium Difficulty
733,28,73430,Full-time,Married,Laval,Quebec,182194.19,12.766,25,300,178751.7,Active,2022.81,2023-06-08,2048-06-08,1.0,CIBC,University of Ottawa,Ottawa,Ontario,Juris Doctor (Law),Law,Professional,3.0,3.0,78.8,78.8,75387.23,4,2022.81,0,0,2023-12-01,High Income,Young Professional (25-34),98.11,33.06,Proactive Monitoring,High Difficulty
626,21,17929,Part-time,Common-law,Ottawa,Ontario,181605.97,5.867,15,180,154542.22,Active,1519.48,2022-07-08,2037-07-08,1.0,Bank of Montreal,University of Toronto,Toronto,Ontario,Master of Business Administration,Business,Master's,2.0,2.0,92.6,92.6,93253.27,7,1085.3428571428572,0,2,2023-12-02,Low Income,Young Adult (18-24),85.1,101.7,Proactive Monitoring,Medium Difficulty
574,21,17689,Part-time,Divorced,Winnipeg,Manitoba,180675.91,5.215,15,180,154864.89,Active,1449.09,2023-04-08,2038-04-08,1.0,Scotiabank Student Line of Credit,Concordia University,Montreal,Quebec,Medical Assistant,Healthcare,Certificate,1.0,1.0,86.8,86.8,36563.35,6,966.06,0,2,2023-12-01,Low Income,Young Adult (18-24),85.71,98.3,Proactive Monitoring,Low Difficulty
687,19,55123,Full-time,Divorced,Brandon,Manitoba,180623.81,6.512,15,180,157061.16,Active,1574.62,2023-04-08,2038-04-08,1.0,TD Student Line of Credit,Simon Fraser University,Burnaby,British Columbia,Mathematics,Science,Bachelor's,3.0,4.0,73.0,73.0,59771.34,6,1574.62,0,0,2023-12-03,Medium Income,Young Adult (18-24),86.95,34.28,Proactive Monitoring,High Difficulty
770,20,0,Unemployed,Common-law,Montreal,Quebec,180426.6,7.684,20,240,171446.41,In Deferment,1473.87,2024-02-08,2044-02-08,1.0,RBC Student Banking,University of Saskatchewan,Saskatoon,Saskatchewan,HVAC Technology,Technical,Certificate,1.0,2.0,92.0,92.0,46389.64,0,0.0,0,0,Never,Low Income,Young Adult (18-24),95.02,inf,Proactive Monitoring,Low Difficulty
984,22,67505,Full-time,Divorced,Brampton,Ontario,180223.8,3.133,20,240,148269.74,Active,1011.56,2020-09-08,2040-09-08,1.0,RBC Student Banking,University of Saskatchewan,Saskatoon,Saskatchewan,HVAC Technology,Technical,Certificate,1.0,2.0,92.0,92.0,46389.64,15,1011.56,0,0,2023-12-01,Medium Income,Young Adult (18-24),82.27,17.98,Proactive Monitoring,Low Difficulty
267,20,58082,Full-time,Common-law,Vancouver,British Columbia,180160.25,11.457,25,300,171850.65,Active,1825.61,2021-05-08,2046-05-08,1.0,RBC Student Banking,Concordia University,Montreal,Quebec,Doctor of Medicine,Medicine,Professional,3.0,4.0,95.8,95.8,120196.79,7,1825.61,0,0,2023-12-02,Medium Income,Young Adult (18-24),95.39,37.72,Proactive Monitoring,High Difficulty
50,31,65663,Full-time,Single,Lethbridge,Alberta,179954.23,2.595,20,240,151650.02,Active,961.93,2022-05-08,2042-05-08,1.0,Scotiabank Student Line of Credit,University of British Columbia,Vancouver,British Columbia,Doctor of Pharmacy,Healthcare,Professional,3.0,4.0,94.0,94.0,90553.81,0,0.0,0,0,Never,Medium Income,Young Professional (25-34),84.27,17.58,Proactive Monitoring,High Difficulty
485,44,57334,Full-time,Married,Vancouver,British Columbia,179901.13,4.51,25,300,146993.89,Active,1000.97,2018-09-08,2043-09-08,1.0,TD Canada Trust,McMaster University,Hamilton,Ontario,Aerospace Engineering,Engineering,Bachelor's,3.0,4.0,80.0,80.0,74705.15,3,333.6566666666667,0,2,2023-11-02,Medium Income,Mid-Career (35-49),81.71,20.95,Proactive Monitoring,High Difficulty
505,23,67475,Full-time,Divorced,Edmonton,Alberta,179861.46,3.692,15,180,140291.33,Active,1302.82,2021-09-08,2036-09-08,1.0,TD Canada Trust,University of Victoria,Victoria,British Columbia,Computer Science,Technology,Bachelor's,2.0,4.0,93.5,93.5,71537.28,3,1302.82,0,0,2023-12-03,Medium Income,Young Adult (18-24),78.0,23.17,Proactive Monitoring,Medium Difficulty
416,37,0,Unemployed,Common-law,Montreal,Quebec,179278.89,3.632,25,300,168153.11,Active,910.25,2022-11-08,2047-11-08,1.0,Canada Student Loans Program,Queen's University,Kingston,Ontario,Business Administration,Business,Bachelor's,1.0,4.0,89.0,89.0,55507.95,7,910.25,0,0,2023-12-04,Low Income,Mid-Career (35-49),93.79,inf,Proactive Monitoring,Low Difficulty
999,35,0,Unemployed,Divorced,Hamilton,Ontario,178937.23,9.287,20,240,169268.49,Active,1643.12,2023-01-08,2043-01-08,1.0,TD Student Line of Credit,Memorial University,St. John's,Newfoundland,Hospitality Management,Business,Bachelor's,1.0,4.0,74.8,74.8,43656.21,10,1643.1199999999997,0,0,2023-12-03,Low Income,Mid-Career (35-49),94.6,inf,Proactive Monitoring,Low Difficulty
603,29,17863,Part-time,Single,Brandon,Manitoba,178692.78,3.703,20,240,140649.99,Active,1055.08,2020-08-08,2040-08-08,1.0,Royal Bank of Canada,York University,Toronto,Ontario,Social Work,Social Sciences,Bachelor's,2.0,4.0,81.7,81.7,47749.46,3,1055.08,0,0,2023-12-04,Low Income,Young Professional (25-34),78.71,70.88,Proactive Monitoring,Medium Difficulty
654,26,66232,Full-time,Widowed,Edmonton,Alberta,177954.69,3.768,15,180,158820.03,Active,1295.72,2023-09-08,2038-09-08,1.0,Bank of Montreal,University of Calgary,Calgary,Alberta,Pre-Medicine,Science,Bachelor's,3.0,4.0,63.0,63.0,45054.86,1,1295.72,0,0,2023-12-02,Medium Income,Young Professional (25-34),89.25,23.48,Proactive Monitoring,High Difficulty
373,43,0,Unemployed,Common-law,Red Deer,Alberta,177848.62,7.817,25,300,162612.65,Active,1351.17,2020-07-08,2045-07-08,1.0,RBC Student Banking,University of Ottawa,Ottawa,Ontario,Human Resources,Business,Bachelor's,1.0,4.0,84.0,84.0,53249.69,15,1351.1700000000003,0,0,2023-12-01,Low Income,Mid-Career (35-49),91.43,inf,Proactive Monitoring,Low Difficulty
553,28,24249,Part-time,Divorced,Toronto,Ontario,177537.91,4.109999999999999,15,180,123796.12,Active,1323.03,2020-04-08,2035-04-08,1.0,Provincial Student Aid,University of Calgary,Calgary,Alberta,HVAC Technology,Technical,Certificate,1.0,2.0,92.0,92.0,46389.64,3,1323.03,0,0,2023-12-01,Low Income,Young Professional (25-34),69.73,65.47,Proactive Monitoring,Low Difficulty
456,29,18286,Part-time,Widowed,Ottawa,Ontario,177252.69,12.413,25,300,172937.1,Active,1921.18,2022-12-08,2047-12-08,1.0,RBC Student Banking,Dalhousie University,Halifax,Nova Scotia,Sports Management,Business,Bachelor's,1.0,4.0,73.4,73.4,40048.59,11,1921.18,0,0,2023-12-02,Low Income,Young Professional (25-34),97.57,126.08,Proactive Monitoring,Low Difficulty
748,32,53376,Full-time,Married,Red Deer,Alberta,177127.74,6.055,25,300,168052.36,Active,1147.2,2023-01-08,2048-01-08,1.0,Bank of Nova Scotia,University of Toronto,Toronto,Ontario,Physics,Science,Bachelor's,3.0,4.0,73.4,73.4,52697.17,9,892.2666666666668,0,2,2023-12-08,Medium Income,Young Professional (25-34),94.88,25.79,Proactive Monitoring,High Difficulty
743,22,0,Unemployed,Single,Ottawa,Ontario,175611.19,3.948,15,180,157745.05,Active,1294.4,2024-04-08,2039-04-08,1.0,Bank of Nova Scotia,University of Alberta,Edmonton,Alberta,General Studies,Liberal Arts,Bachelor's,1.0,4.0,67.6,67.6,39266.48,0,0.0,0,0,Never,Low Income,Young Adult (18-24),89.83,inf,Proactive Monitoring,Low Difficulty
48,34,0,Unemployed,Widowed,Ottawa,Ontario,175545.76,4.606,20,240,159349.86,Active,1120.66,2022-06-08,2042-06-08,1.0,Bank of Nova Scotia,Queen's University,Kingston,Ontario,Psychology,Social Sciences,Bachelor's,2.0,4.0,78.4,78.4,44256.05,3,1120.66,0,0,2023-12-01,Low Income,Young Professional (25-34),90.77,inf,Proactive Monitoring,Medium Difficulty
933,23,0,Unemployed,Single,Hamilton,Ontario,175435.93,12.142,25,300,170135.87,Active,1866.17,2021-06-08,2046-06-08,1.0,CIBC,University of British Columbia,Vancouver,British Columbia,Mechanical Engineering,Engineering,Bachelor's,3.0,4.0,84.3,84.3,68800.56,3,1866.17,0,0,2023-12-02,Low Income,Young Adult (18-24),96.98,inf,Proactive Monitoring,High Difficulty
540,36,41828,Full-time,Divorced,Vancouver,British Columbia,175266.3,4.8740000000000006,15,180,141027.08,In Forbearance,1374.52,2022-05-08,2037-05-08,1.0,CIBC,Queen's University,Kingston,Ontario,Automotive Technology,Technical,Certificate,1.0,2.0,82.5,82.5,43070.11,6,1374.5199999999998,0,0,2023-12-06,Medium Income,Mid-Career (35-49),80.46,39.43,Proactive Monitoring,Low Difficulty
773,32,0,Unemployed,Single,Ottawa,Ontario,174195.43,10.098,15,180,150304.37,Active,1882.37,2021-05-08,2036-05-08,1.0,RBC Student Banking,University of Waterloo,Waterloo,Ontario,Biomedical Engineering,Engineering,Bachelor's,3.0,4.0,87.2,87.2,66515.13,7,1882.3700000000001,0,0,2023-12-02,Low Income,Young Professional (25-34),86.28,inf,Proactive Monitoring,High Difficulty
339,19,22833,Part-time,Divorced,Hamilton,Ontario,174075.43,7.681,15,180,134848.41,Active,1631.66,2020-08-08,2035-08-08,1.0,RBC Student Banking,University of Victoria,Victoria,British Columbia,HVAC Technology,Technical,Certificate,1.0,2.0,92.0,92.0,46389.64,0,0.0,0,0,Never,Low Income,Young Adult (18-24),77.47,85.75,Proactive Monitoring,Low Difficulty
53,35,62986,Full-time,Common-law,Winnipeg,Manitoba,173906.25,3.057,20,240,141047.7,Active,969.45,2020-12-08,2040-12-08,1.0,Royal Bank of Canada,Dalhousie University,Halifax,Nova Scotia,Nursing,Healthcare,Bachelor's,2.0,4.0,92.5,92.5,65996.75,0,0.0,0,0,Never,Medium Income,Mid-Career (35-49),81.11,18.47,Proactive Monitoring,Medium Difficulty
188,38,0,Unemployed,Single,Vancouver,British Columbia,173440.68,3.711,15,180,129396.25,Active,1257.95,2021-02-08,2036-02-08,1.0,Scotiabank Student Line of Credit,University of Waterloo,Waterloo,Ontario,Dental Hygiene,Healthcare,Associate,2.0,2.0,87.2,87.2,61248.37,7,1257.95,0,0,2023-12-01,Low Income,Mid-Career (35-49),74.61,inf,Proactive Monitoring,Medium Difficulty
430,39,0,Unemployed,Divorced,Toronto,Ontario,173059.62,4.577,15,180,156238.2,Active,1330.72,2023-10-08,2038-10-08,1.0,CIBC,University of Victoria,Victoria,British Columbia,Master of Education,Education,Master's,2.0,2.0,89.0,89.0,62772.62,0,0.0,0,0,Never,Low Income,Mid-Career (35-49),90.28,inf,Proactive Monitoring,Medium Difficulty
755,44,47750,Full-time,Widowed,Ottawa,Ontario,172197.31,3.553,25,300,153395.52,Active,866.96,2021-09-08,2046-09-08,1.0,Canada Student Loans Program,NAIT,Edmonton,Alberta,Architecture,Design,Bachelor's,3.0,5.0,68.1,68.1,64043.12,11,866.9600000000002,0,0,2023-12-08,Medium Income,Mid-Career (35-49),89.08,21.79,Proactive Monitoring,High Difficulty
114,41,24825,Part-time,Married,Vancouver,British Columbia,171596.22,3.925,25,300,152903.85,Active,898.66,2021-01-08,2046-01-08,1.0,TD Student Line of Credit,McMaster University,Hamilton,Ontario,Dental Hygiene,Healthcare,Associate,2.0,2.0,87.2,87.2,61248.37,19,898.6600000000001,0,0,2023-12-03,Low Income,Mid-Career (35-49),89.11,43.44,Proactive Monitoring,Medium Difficulty
333,32,72276,Full-time,Single,Toronto,Ontario,171353.55,2.761,25,300,152984.53,In Deferment,791.44,2022-02-08,2047-02-08,1.0,TD Student Line of Credit,Simon Fraser University,Burnaby,British Columbia,Early Childhood Education,Education,Bachelor's,1.0,4.0,80.9,80.9,46386.58,0,0.0,0,0,Never,High Income,Young Professional (25-34),89.28,13.14,Proactive Monitoring,Low Difficulty
786,40,0,Unemployed,Common-law,Lethbridge,Alberta,170953.3,6.949,25,300,168993.65,Active,1202.71,2025-07-08,2050-07-08,1.0,Royal Bank of Canada,University of Calgary,Calgary,Alberta,Psychology,Social Sciences,Bachelor's,2.0,4.0,78.4,78.4,44256.05,0,0.0,0,0,Never,Low Income,Mid-Career (35-49),98.85,inf,Proactive Monitoring,Medium Difficulty
715,39,0,Unemployed,Common-law,Mississauga,Ontario,170905.01,4.903,25,300,155144.73,Active,989.46,2021-09-08,2046-09-08,1.0,Royal Bank of Canada,University of British Columbia,Vancouver,British Columbia,Social Work,Social Sciences,Bachelor's,2.0,4.0,81.7,81.7,47749.46,0,0.0,0,0,Never,Low Income,Mid-Career (35-49),90.78,inf,Proactive Monitoring,Medium Difficulty
68,21,0,Unemployed,Common-law,Red Deer,Alberta,170654.19,3.501,20,240,147594.43,Active,989.81,2022-02-08,2042-02-08,1.0,National Bank of Canada,University of Waterloo,Waterloo,Ontario,Doctor of Pharmacy,Healthcare,Professional,3.0,4.0,94.0,94.0,90553.81,7,989.8100000000001,0,0,2023-12-02,Low Income,Young Adult (18-24),86.49,inf,Proactive Monitoring,High Difficulty
49,37,65104,Full-time,Married,Vancouver,British Columbia,170014.22,2.755,15,180,159159.5,In Forbearance,1154.16,2024-02-08,2039-02-08,1.0,BMO Student Banking Program,University of Manitoba,Winnipeg,Manitoba,Marketing,Business,Bachelor's,1.0,4.0,82.9,82.9,47788.43,0,0.0,0,0,Never,Medium Income,Mid-Career (35-49),93.62,21.27,Proactive Monitoring,Low Difficulty
76,30,56452,Full-time,Divorced,Hamilton,Ontario,169217.62,2.867,20,240,140889.56,Active,927.25,2021-01-08,2041-01-08,1.0,Royal Bank of Canada,McMaster University,Hamilton,Ontario,Juris Doctor (Law),Law,Professional,3.0,3.0,78.8,78.8,75387.23,3,927.25,0,0,2023-12-01,Medium Income,Young Professional (25-34),83.26,19.71,Proactive Monitoring,High Difficulty
590,43,24381,Part-time,Divorced,Quebec City,Quebec,168428.63,7.585,20,240,148278.94,In Deferment,1365.62,2021-08-08,2041-08-08,1.0,Canada Student Loans Program,McMaster University,Hamilton,Ontario,Juris Doctor (Law),Law,Professional,3.0,3.0,78.8,78.8,75387.23,3,1365.62,0,0,2023-12-03,Low Income,Mid-Career (35-49),88.04,67.21,Proactive Monitoring,High Difficulty
564,25,0,Unemployed,Married,Lethbridge,Alberta,167586.45,3.364,15,180,138875.33,Active,1186.89,2023-02-08,2038-02-08,1.0,Royal Bank of Canada,McMaster University,Hamilton,Ontario,Mathematics,Science,Bachelor's,3.0,4.0,73.0,73.0,59771.34,6,1186.89,0,0,2023-12-01,Low Income,Young Professional (25-34),82.87,inf,Proactive Monitoring,High Difficulty
941,31,0,Unemployed,Single,Quebec City,Quebec,167298.35,5.499,25,300,157123.28,Active,1027.26,2022-10-08,2047-10-08,1.0,Canada Student Loans Program,University of Waterloo,Waterloo,Ontario,Marketing,Business,Bachelor's,1.0,4.0,82.9,82.9,47788.43,7,1027.26,0,0,2023-12-06,Low Income,Young Professional (25-34),93.92,inf,Proactive Monitoring,Low Difficulty
898,35,71925,Full-time,Married,Brampton,Ontario,166864.39,8.578,25,300,162321.41,Active,1352.42,2023-08-08,2048-08-08,1.0,TD Student Line of Credit,Concordia University,Montreal,Quebec,General Studies,Liberal Arts,Bachelor's,1.0,4.0,67.6,67.6,39266.48,2,1352.42,0,0,2023-12-07,High Income,Mid-Career (35-49),97.28,22.56,Proactive Monitoring,Low Difficulty
534,43,58760,Full-time,Common-law,Lethbridge,Alberta,166852.78,3.077,15,180,141726.93,Active,1158.44,2022-07-08,2037-07-08,1.0,TD Canada Trust,McGill University,Montreal,Quebec,Automotive Technology,Technical,Certificate,1.0,2.0,82.5,82.5,43070.11,0,0.0,0,0,Never,Medium Income,Mid-Career (35-49),84.94,23.66,Proactive Monitoring,Low Difficulty
809,20,64472,Full-time,Common-law,Hamilton,Ontario,166643.12,4.497,25,300,152251.03,Active,925.97,2021-08-08,2046-08-08,1.0,Provincial Student Aid,University of Victoria,Victoria,British Columbia,Computer Science,Technology,Bachelor's,2.0,4.0,93.5,93.5,71537.28,19,925.97,0,0,2023-12-03,Medium Income,Young Adult (18-24),91.36,17.23,Proactive Monitoring,Medium Difficulty
488,19,40675,Full-time,Common-law,Burnaby,British Columbia,166451.85,9.631,15,180,151364.69,Active,1751.31,2023-02-08,2038-02-08,1.0,CIBC,Queen's University,Kingston,Ontario,HVAC Technology,Technical,Certificate,1.0,2.0,92.0,92.0,46389.64,8,1751.31,0,0,2023-12-03,Medium Income,Young Adult (18-24),90.94,51.67,Proactive Monitoring,Low Difficulty
343,44,0,Unemployed,Divorced,Steinbach,Manitoba,165861.19,8.51,15,180,128925.02,Active,1634.27,2020-12-08,2035-12-08,1.0,TD Student Line of Credit,University of Waterloo,Waterloo,Ontario,Business Administration,Business,Bachelor's,1.0,4.0,89.0,89.0,55507.95,11,1634.2700000000002,0,0,2023-12-02,Low Income,Mid-Career (35-49),77.73,inf,Proactive Monitoring,Low Difficulty
349,40,20654,Part-time,Single,Brandon,Manitoba,165622.38,6.746,20,240,127890.93,Active,1258.94,2018-06-08,2038-06-08,1.0,Canada Student Loans Program,University of Waterloo,Waterloo,Ontario,Criminal Justice,Social Sciences,Bachelor's,2.0,4.0,82.2,82.2,45869.85,3,839.2933333333334,0,1,2023-11-01,Low Income,Mid-Career (35-49),77.22,73.14,Proactive Monitoring,Medium Difficulty
298,34,68892,Full-time,Married,Toronto,Ontario,165519.65,3.351,15,180,125900.77,Active,1171.2,2021-12-08,2036-12-08,1.0,Bank of Nova Scotia,University of Victoria,Victoria,British Columbia,Psychology,Social Sciences,Bachelor's,2.0,4.0,78.4,78.4,44256.05,0,0.0,0,0,Never,Medium Income,Young Professional (25-34),76.06,20.4,Proactive Monitoring,Medium Difficulty
16,22,19265,Part-time,Common-law,Hamilton,Ontario,165315.33,3.625,20,240,146419.06,Active,969.41,2023-02-08,2043-02-08,1.0,RBC Student Banking,University of Alberta,Edmonton,Alberta,Automotive Technology,Technical,Certificate,1.0,2.0,82.5,82.5,43070.11,3,969.41,0,0,2023-12-01,Low Income,Young Adult (18-24),88.57,60.38,Proactive Monitoring,Low Difficulty
400,29,0,Unemployed,Common-law,Victoria,British Columbia,163171.35,3.515,15,180,142326.89,Active,1167.69,2022-11-08,2037-11-08,1.0,BMO Student Banking Program,University of Victoria,Victoria,British Columbia,Pre-Medicine,Science,Bachelor's,3.0,4.0,63.0,63.0,45054.86,3,778.46,0,1,2023-12-05,Low Income,Young Professional (25-34),87.23,inf,Proactive Monitoring,High Difficulty
528,36,16412,Part-time,Widowed,Red Deer,Alberta,162917.73,7.688,20,240,146821.14,Active,1331.25,2022-04-08,2042-04-08,1.0,Bank of Montreal,University of Victoria,Victoria,British Columbia,Dental Hygiene,Healthcare,Associate,2.0,2.0,87.2,87.2,61248.37,7,1331.25,0,0,2023-12-02,Low Income,Mid-Career (35-49),90.12,97.34,Proactive Monitoring,Medium Difficulty
190,29,54777,Full-time,Single,Brampton,Ontario,162127.26,2.597,20,240,140032.32,Active,866.8,2022-05-08,2042-05-08,1.0,National Bank of Canada,Dalhousie University,Halifax,Nova Scotia,Mathematics,Science,Bachelor's,3.0,4.0,73.0,73.0,59771.34,0,0.0,0,0,Never,Medium Income,Young Professional (25-34),86.37,18.99,Proactive Monitoring,High Difficulty
749,44,0,Unemployed,Single,Ottawa,Ontario,161591.43,3.735,20,240,132791.9,Active,956.8,2020-07-08,2040-07-08,1.0,CIBC,McGill University,Montreal,Quebec,Dental Hygiene,Healthcare,Associate,2.0,2.0,87.2,87.2,61248.37,0,0.0,0,0,Never,Low Income,Mid-Career (35-49),82.18,inf,Proactive Monitoring,Medium Difficulty
143,27,72824,Full-time,Common-law,Mississauga,Ontario,161423.99,4.349,25,300,148946.33,Active,883.47,2022-07-08,2047-07-08,1.0,Scotiabank Student Line of Credit,University of Victoria,Victoria,British Columbia,Electrical Engineering,Engineering,Bachelor's,3.0,4.0,85.3,85.3,71274.04,11,883.47,0,0,2023-12-02,High Income,Young Professional (25-34),92.27,14.56,Proactive Monitoring,High Difficulty
646,31,0,Unemployed,Single,Brampton,Ontario,161258.2,6.282,20,240,135677.79,Active,1181.69,2020-07-08,2040-07-08,1.0,Royal Bank of Canada,University of Alberta,Edmonton,Alberta,Early Childhood Education,Education,Bachelor's,1.0,4.0,80.9,80.9,46386.58,0,0.0,0,0,Never,Low Income,Young Professional (25-34),84.14,inf,Proactive Monitoring,Low Difficulty
896,34,17751,Part-time,Married,Quebec City,Quebec,160484.28,7.5,20,240,137331.72,Active,1292.85,2020-06-08,2040-06-08,1.0,Bank of Montreal,University of Ottawa,Ottawa,Ontario,Master of Science in Engineering,Engineering,Master's,3.0,2.0,93.0,93.0,87004.95,10,1292.85,0,0,2023-12-03,Low Income,Young Professional (25-34),85.57,87.4,Proactive Monitoring,High Difficulty
23,37,0,Unemployed,Married,Laval,Quebec,159972.44,8.861,15,180,139561.73,Active,1609.35,2022-11-08,2037-11-08,1.0,Canada Student Loans Program,Dalhousie University,Halifax,Nova Scotia,Nursing,Healthcare,Bachelor's,2.0,4.0,92.5,92.5,65996.75,0,0.0,0,0,Never,Low Income,Mid-Career (35-49),87.24,inf,Proactive Monitoring,Medium Difficulty
720,26,73979,Full-time,Single,Burnaby,British Columbia,159818.12,4.272,20,240,139728.2,Active,991.53,2021-08-08,2041-08-08,1.0,National Bank of Canada,Queen's University,Kingston,Ontario,HVAC Technology,Technical,Certificate,1.0,2.0,92.0,92.0,46389.64,14,991.53,0,0,2023-12-06,High Income,Young Professional (25-34),87.43,16.08,Proactive Monitoring,Low Difficulty
691,19,0,Unemployed,Common-law,Quebec City,Quebec,159753.28,6.757,25,300,151097.7,Active,1104.46,2023-02-08,2048-02-08,1.0,Scotiabank Student Line of Credit,McGill University,Montreal,Quebec,Master of Education,Education,Master's,2.0,2.0,89.0,89.0,62772.62,7,1104.46,0,0,2023-12-02,Low Income,Young Adult (18-24),94.58,inf,Proactive Monitoring,Medium Difficulty
596,31,70167,Full-time,Divorced,Ottawa,Ontario,159410.6,3.885,25,300,144165.56,Active,831.34,2021-07-08,2046-07-08,1.0,Bank of Nova Scotia,Concordia University,Montreal,Quebec,Hospitality Management,Business,Bachelor's,1.0,4.0,74.8,74.8,43656.21,10,831.3399999999999,0,0,2023-12-01,High Income,Young Professional (25-34),90.44,14.22,Proactive Monitoring,Low Difficulty
648,25,42348,Full-time,Single,Quebec City,Quebec,159135.54,3.22,15,180,129322.17,Active,1115.88,2022-05-08,2037-05-08,1.0,RBC Student Banking,University of British Columbia,Vancouver,British Columbia,Medical Assistant,Healthcare,Certificate,1.0,1.0,86.8,86.8,36563.35,0,0.0,0,0,Never,Medium Income,Young Professional (25-34),81.27,31.62,Proactive Monitoring,Low Difficulty
890,37,21294,Part-time,Common-law,Burnaby,British Columbia,158976.46,7.728,20,240,131718.44,Active,1302.96,2020-01-08,2040-01-08,1.0,TD Student Line of Credit,University of Alberta,Edmonton,Alberta,Biomedical Engineering,Engineering,Bachelor's,3.0,4.0,87.2,87.2,66515.13,0,0.0,0,0,Never,Low Income,Mid-Career (35-49),82.85,73.43,Proactive Monitoring,High Difficulty
500,32,0,Unemployed,Single,Victoria,British Columbia,158399.22,4.0809999999999995,25,300,146758.93,Active,843.19,2022-10-08,2047-10-08,1.0,Bank of Montreal,Memorial University,St. John's,Newfoundland,Juris Doctor (Law),Law,Professional,3.0,3.0,78.8,78.8,75387.23,7,843.1899999999999,0,0,2023-12-02,Low Income,Young Professional (25-34),92.65,inf,Proactive Monitoring,High Difficulty
301,32,19681,Part-time,Common-law,Edmonton,Alberta,158177.9,3.591,20,240,142544.71,Active,924.78,2023-01-08,2043-01-08,1.0,Scotiabank Student Line of Credit,Carleton University,Ottawa,Ontario,Physics,Science,Bachelor's,3.0,4.0,73.4,73.4,52697.17,3,924.7800000000001,0,0,2023-12-03,Low Income,Young Professional (25-34),90.12,56.39,Proactive Monitoring,High Difficulty
556,20,15473,Part-time,Married,Ottawa,Ontario,157821.94,2.651,15,180,127176.3,Active,1063.59,2022-11-08,2037-11-08,1.0,Scotiabank Student Line of Credit,Dalhousie University,Halifax,Nova Scotia,Master of Education,Education,Master's,2.0,2.0,89.0,89.0,62772.62,0,0.0,0,0,Never,Low Income,Young Adult (18-24),80.58,82.49,Proactive Monitoring,Medium Difficulty
7,21,22465,Part-time,Widowed,Red Deer,Alberta,157728.34,3.06,15,180,131687.15,Active,1093.8,2022-10-08,2037-10-08,1.0,Scotiabank Student Line of Credit,University of Ottawa,Ottawa,Ontario,Aerospace Engineering,Engineering,Bachelor's,3.0,4.0,80.0,80.0,74705.15,11,1093.8,0,0,2023-12-16,Low Income,Young Adult (18-24),83.49,58.43,Proactive Monitoring,High Difficulty
239,21,20631,Part-time,Single,Brandon,Manitoba,157309.27,4.019,20,240,140480.84,Active,954.84,2023-03-08,2043-03-08,1.0,RBC Student Banking,University of Saskatchewan,Saskatoon,Saskatchewan,Computer Science,Technology,Bachelor's,2.0,4.0,93.5,93.5,71537.28,8,716.13,0,2,2023-12-02,Low Income,Young Adult (18-24),89.3,55.54,Proactive Monitoring,Medium Difficulty
994,30,15708,Part-time,Widowed,Lethbridge,Alberta,156570.73,10.372,25,300,151767.08,Active,1464.02,2022-09-08,2047-09-08,1.0,RBC Student Banking,University of British Columbia,Vancouver,British Columbia,Nursing,Healthcare,Bachelor's,2.0,4.0,92.5,92.5,65996.75,3,1464.0199999999998,0,0,2023-12-08,Low Income,Young Professional (25-34),96.93,111.84,Proactive Monitoring,Medium Difficulty
258,39,20648,Part-time,Married,Brampton,Ontario,156535.19,4.348,25,300,135364.17,Active,856.62,2020-06-08,2045-06-08,1.0,Scotiabank Student Line of Credit,Dalhousie University,Halifax,Nova Scotia,General Studies,Liberal Arts,Bachelor's,1.0,4.0,67.6,67.6,39266.48,3,856.62,0,0,2023-12-03,Low Income,Mid-Career (35-49),86.48,49.78,Proactive Monitoring,Low Difficulty
938,25,69533,Full-time,Married,Burnaby,British Columbia,156088.07,4.817,20,240,133711.13,Active,1014.4,2021-12-08,2041-12-08,1.0,TD Canada Trust,McGill University,Montreal,Quebec,Pre-Medicine,Science,Bachelor's,3.0,4.0,63.0,63.0,45054.86,2,1014.4,0,0,2023-12-01,Medium Income,Young Professional (25-34),85.66,17.51,Proactive Monitoring,High Difficulty
182,44,0,Unemployed,Married,Winnipeg,Manitoba,156019.98,4.1080000000000005,15,180,147680.66,Active,1162.52,2025-03-08,2040-03-08,1.0,National Bank of Canada,University of Victoria,Victoria,British Columbia,Mathematics,Science,Bachelor's,3.0,4.0,73.0,73.0,59771.34,0,0.0,0,0,Never,Low Income,Mid-Career (35-49),94.65,inf,Proactive Monitoring,High Difficulty
495,21,16023,Part-time,Single,Mississauga,Ontario,155981.54,4.259,15,180,110705.73,Active,1174.13,2020-11-08,2035-11-08,1.0,RBC Student Banking,University of British Columbia,Vancouver,British Columbia,Hospitality Management,Business,Bachelor's,1.0,4.0,74.8,74.8,43656.21,7,1174.1299999999999,0,0,2023-12-01,Low Income,Young Adult (18-24),70.97,87.93,Proactive Monitoring,Low Difficulty
144,21,21489,Part-time,Single,London,Ontario,155454.85,5.828,20,240,134312.88,Active,1098.36,2021-10-08,2041-10-08,1.0,BMO Student Banking Program,Ryerson University,Toronto,Ontario,Human Resources,Business,Bachelor's,1.0,4.0,84.0,84.0,53249.69,18,1098.36,0,0,2023-12-02,Low Income,Young Adult (18-24),86.4,61.34,Proactive Monitoring,Low Difficulty
581,40,48800,Full-time,Common-law,Mississauga,Ontario,155407.18,4.287,15,180,118741.39,Active,1172.01,2020-10-08,2035-10-08,1.0,CIBC,University of Ottawa,Ottawa,Ontario,Marketing,Business,Bachelor's,1.0,4.0,82.9,82.9,47788.43,7,1172.01,0,0,2023-12-01,Medium Income,Mid-Career (35-49),76.41,28.82,Proactive Monitoring,Low Difficulty
738,40,0,Unemployed,Common-law,Hamilton,Ontario,155248.01,6.047,15,180,106159.95,Active,1314.02,2019-07-08,2034-07-08,1.0,Bank of Montreal,University of Waterloo,Waterloo,Ontario,Master of Social Work,Social Sciences,Master's,2.0,2.0,88.4,88.4,55944.69,0,0.0,0,0,Never,Low Income,Mid-Career (35-49),68.38,inf,Proactive Monitoring,Medium Difficulty
747,19,0,Unemployed,Divorced,Edmonton,Alberta,154601.41,7.774,25,300,150041.15,Active,1170.19,2023-09-08,2048-09-08,1.0,Canada Student Loans Program,University of Victoria,Victoria,British Columbia,Hospitality Management,Business,Bachelor's,1.0,4.0,74.8,74.8,43656.21,2,1170.19,0,0,2023-12-03,Low Income,Young Adult (18-24),97.05,inf,Proactive Monitoring,Low Difficulty
957,29,15812,Part-time,Common-law,Laval,Quebec,153762.18,7.992,25,300,143968.79,Active,1185.95,2021-07-08,2046-07-08,1.0,CIBC,York University,Toronto,Ontario,Pre-Medicine,Science,Bachelor's,3.0,4.0,63.0,63.0,45054.86,7,1185.95,0,0,2023-12-03,Low Income,Young Professional (25-34),93.63,90.0,Proactive Monitoring,High Difficulty
618,40,18563,Part-time,Common-law,Steinbach,Manitoba,153436.41,4.1419999999999995,20,240,136280.69,Active,941.32,2022-07-08,2042-07-08,1.0,Canada Student Loans Program,Queen's University,Kingston,Ontario,Computer Science,Technology,Bachelor's,2.0,4.0,93.5,93.5,71537.28,3,941.32,0,0,2023-12-03,Low Income,Mid-Career (35-49),88.82,60.85,Proactive Monitoring,Medium Difficulty
909,43,0,Unemployed,Divorced,Vancouver,British Columbia,153430.99,9.309,25,300,142067.98,Active,1320.21,2020-09-08,2045-09-08,1.0,Provincial Student Aid,University of Manitoba,Winnipeg,Manitoba,Accounting,Business,Bachelor's,2.0,4.0,89.0,89.0,56361.99,3,1320.21,0,0,2023-12-03,Low Income,Mid-Career (35-49),92.59,inf,Proactive Monitoring,Medium Difficulty
148,27,64348,Full-time,Single,Calgary,Alberta,153378.69,7.694,15,180,126636.27,Active,1438.8,2021-02-08,2036-02-08,1.0,CIBC,McGill University,Montreal,Quebec,Information Technology,Technology,Bachelor's,2.0,4.0,91.4,91.4,63405.33,0,0.0,0,0,Never,Medium Income,Young Professional (25-34),82.56,26.83,Proactive Monitoring,Medium Difficulty
271,23,56449,Full-time,Widowed,Brandon,Manitoba,152966.88,4.3420000000000005,20,240,133395.27,Active,954.75,2021-07-08,2041-07-08,1.0,BMO Student Banking Program,University of Ottawa,Ottawa,Ontario,Automotive Technology,Technical,Certificate,1.0,2.0,82.5,82.5,43070.11,3,954.75,0,0,2023-12-04,Medium Income,Young Adult (18-24),87.21,20.3,Proactive Monitoring,Low Difficulty
915,43,43728,Full-time,Widowed,Laval,Quebec,151423.89,3.766,15,180,113837.64,Active,1102.39,2020-09-08,2035-09-08,1.0,Scotiabank Student Line of Credit,Dalhousie University,Halifax,Nova Scotia,Automotive Technology,Technical,Certificate,1.0,2.0,82.5,82.5,43070.11,11,1102.39,0,0,2023-12-03,Medium Income,Mid-Career (35-49),75.18,30.25,Proactive Monitoring,Low Difficulty
587,41,55513,Full-time,Common-law,Laval,Quebec,151265.28,7.076,15,180,107441.56,Active,1366.05,2019-09-08,2034-09-08,1.0,RBC Student Banking,Queen's University,Kingston,Ontario,Computer Science,Technology,Bachelor's,2.0,4.0,93.5,93.5,71537.28,3,1366.05,0,0,2023-12-01,Medium Income,Mid-Career (35-49),71.03,29.53,Proactive Monitoring,Medium Difficulty
582,27,69245,Full-time,Divorced,Brampton,Ontario,151033.37,4.668,20,240,126249.44,In Forbearance,969.26,2020-07-08,2040-07-08,1.0,Bank of Montreal,Concordia University,Montreal,Quebec,Master of Science in Engineering,Engineering,Master's,3.0,2.0,93.0,93.0,87004.95,7,969.26,0,0,2023-12-02,Medium Income,Young Professional (25-34),83.59,16.8,Proactive Monitoring,High Difficulty
638,27,0,Unemployed,Single,Surrey,British Columbia,150990.41,11.015,15,180,132616.82,Active,1717.57,2021-07-08,2036-07-08,1.0,CIBC,Queen's University,Kingston,Ontario,Criminal Justice,Social Sciences,Bachelor's,2.0,4.0,82.2,82.2,45869.85,11,1717.57,0,0,2023-12-02,Low Income,Young Professional (25-34),87.83,inf,Proactive Monitoring,Medium Difficulty
280,29,0,Unemployed,Common-law,Lethbridge,Alberta,150601.81,10.017,15,180,138291.99,Active,1619.94,2022-10-08,2037-10-08,1.0,National Bank of Canada,Concordia University,Montreal,Quebec,Computer Science,Technology,Bachelor's,2.0,4.0,93.5,93.5,71537.28,11,1619.94,0,0,2023-12-13,Low Income,Young Professional (25-34),91.83,inf,Proactive Monitoring,Medium Difficulty
812,20,19735,Part-time,Divorced,Steinbach,Manitoba,150579.13,8.718,15,180,133324.11,Active,1502.12,2022-09-08,2037-09-08,1.0,Scotiabank Student Line of Credit,Queen's University,Kingston,Ontario,Social Work,Social Sciences,Bachelor's,2.0,4.0,81.7,81.7,47749.46,15,1502.12,0,0,2023-12-02,Low Income,Young Adult (18-24),88.54,91.34,Proactive Monitoring,Medium Difficulty
368,36,0,Unemployed,Common-law,Winnipeg,Manitoba,150413.5,6.701,25,300,142676.27,Active,1034.57,2022-04-08,2047-04-08,1.0,CIBC,Dalhousie University,Halifax,Nova Scotia,Master of Education,Education,Master's,2.0,2.0,89.0,89.0,62772.62,3,1034.57,0,0,2023-12-03,Low Income,Mid-Career (35-49),94.86,inf,Proactive Monitoring,Medium Difficulty
845,29,0,Unemployed,Divorced,Quebec City,Quebec,150273.96,4.048,20,240,142291.61,Active,914.44,2023-09-08,2043-09-08,1.0,BMO Student Banking Program,University of Victoria,Victoria,British Columbia,Dental Hygiene,Healthcare,Associate,2.0,2.0,87.2,87.2,61248.37,1,914.44,0,0,2023-12-02,Low Income,Young Professional (25-34),94.69,inf,Proactive Monitoring,Medium Difficulty
662,20,19158,Part-time,Single,Lethbridge,Alberta,150256.9,4.5,15,180,127716.09,Active,1149.46,2023-04-08,2038-04-08,1.0,Scotiabank Student Line of Credit,University of Manitoba,Winnipeg,Manitoba,Criminal Justice,Social Sciences,Bachelor's,2.0,4.0,82.2,82.2,45869.85,5,1149.46,0,0,2023-12-04,Low Income,Young Adult (18-24),85.0,72.0,Proactive Monitoring,Medium Difficulty
787,26,62448,Full-time,Divorced,Winnipeg,Manitoba,149770.64,6.666,25,300,136477.76,Active,1026.85,2021-06-08,2046-06-08,1.0,Royal Bank of Canada,University of Alberta,Edmonton,Alberta,Early Childhood Education,Education,Bachelor's,1.0,4.0,80.9,80.9,46386.58,7,1026.85,0,0,2023-12-02,Medium Income,Young Professional (25-34),91.12,19.73,Proactive Monitoring,Low Difficulty
394,34,72376,Full-time,Single,Vancouver,British Columbia,149303.12,4.806,20,240,133657.95,Active,969.4,2022-07-08,2042-07-08,1.0,Scotiabank Student Line of Credit,University of Toronto,Toronto,Ontario,Mathematics,Science,Bachelor's,3.0,4.0,73.0,73.0,59771.34,10,969.4,0,0,2023-12-01,High Income,Young Professional (25-34),89.52,16.07,Proactive Monitoring,High Difficulty
219,37,0,Unemployed,Married,London,Ontario,148817.69,4.3740000000000006,20,240,113799.56,Active,931.4,2019-11-08,2039-11-08,1.0,Scotiabank Student Line of Credit,McGill University,Montreal,Quebec,Early Childhood Education,Education,Bachelor's,1.0,4.0,80.9,80.9,46386.58,11,931.4,0,0,2023-12-02,Low Income,Mid-Career (35-49),76.47,inf,Proactive Monitoring,Low Difficulty
699,38,43993,Full-time,Widowed,Steinbach,Manitoba,148583.21,3.029,20,240,125592.37,Active,826.2,2022-04-08,2042-04-08,1.0,National Bank of Canada,McGill University,Montreal,Quebec,Biomedical Engineering,Engineering,Bachelor's,3.0,4.0,87.2,87.2,66515.13,2,826.2,0,0,2023-12-02,Medium Income,Mid-Career (35-49),84.53,22.54,Proactive Monitoring,High Difficulty
127,33,69207,Full-time,Single,Winnipeg,Manitoba,148358.66,6.855,15,180,131199.11,Active,1321.49,2023-01-08,2038-01-08,1.0,RBC Student Banking,Carleton University,Ottawa,Ontario,Doctor of Medicine,Medicine,Professional,3.0,4.0,95.8,95.8,120196.79,9,1321.49,0,0,2023-12-03,Medium Income,Young Professional (25-34),88.43,22.91,Proactive Monitoring,High Difficulty
101,42,0,Unemployed,Divorced,Quebec City,Quebec,148099.75,7.666,15,180,104431.45,Active,1386.91,2019-12-08,2034-12-08,1.0,CIBC,McGill University,Montreal,Quebec,Doctor of Pharmacy,Healthcare,Professional,3.0,4.0,94.0,94.0,90553.81,7,1386.91,0,0,2023-12-02,Low Income,Mid-Career (35-49),70.51,inf,Proactive Monitoring,High Difficulty
676,19,74205,Full-time,Widowed,Burnaby,British Columbia,146540.47,9.598,20,240,135583.12,Active,1375.34,2022-07-08,2042-07-08,1.0,CIBC,Memorial University,St. John's,Newfoundland,Hospitality Management,Business,Bachelor's,1.0,4.0,74.8,74.8,43656.21,15,1375.34,0,0,2023-12-02,High Income,Young Adult (18-24),92.52,22.24,Proactive Monitoring,Low Difficulty
320,42,19077,Part-time,Common-law,Brandon,Manitoba,145843.04,9.083,15,180,106060.61,Active,1486.45,2019-12-08,2034-12-08,1.0,TD Student Line of Credit,Carleton University,Ottawa,Ontario,Architecture,Design,Bachelor's,3.0,5.0,68.1,68.1,64043.12,0,0.0,0,0,Never,Low Income,Mid-Career (35-49),72.72,93.5,Proactive Monitoring,High Difficulty
78,20,61837,Full-time,Widowed,Calgary,Alberta,145576.04,6.223,15,180,131381.76,Active,1246.06,2023-07-08,2038-07-08,1.0,RBC Student Banking,University of Ottawa,Ottawa,Ontario,Early Childhood Education,Education,Bachelor's,1.0,4.0,80.9,80.9,46386.58,2,1246.06,0,0,2023-12-02,Medium Income,Young Adult (18-24),90.25,24.18,Proactive Monitoring,Low Difficulty
914,33,0,Unemployed,Married,Lethbridge,Alberta,144083.15,4.854,25,300,121459.97,Active,830.09,2019-11-08,2044-11-08,1.0,Bank of Nova Scotia,Concordia University,Montreal,Quebec,Mathematics,Science,Bachelor's,3.0,4.0,73.0,73.0,59771.34,14,830.09,0,0,2023-12-01,Low Income,Young Professional (25-34),84.3,inf,Proactive Monitoring,High Difficulty
455,38,51383,Full-time,Widowed,Lethbridge,Alberta,144021.3,3.793,25,300,132387.96,Active,743.83,2022-02-08,2047-02-08,1.0,RBC Student Banking,McMaster University,Hamilton,Ontario,Sports Management,Business,Bachelor's,1.0,4.0,73.4,73.4,40048.59,19,743.83,0,0,2023-12-01,Medium Income,Mid-Career (35-49),91.92,17.37,Proactive Monitoring,Low Difficulty
483,20,19173,Part-time,Married,Hamilton,Ontario,143599.77,4.948,25,300,136402.68,Active,835.13,2022-12-08,2047-12-08,1.0,Bank of Nova Scotia,Concordia University,Montreal,Quebec,Master of Science in Engineering,Engineering,Master's,3.0,2.0,93.0,93.0,87004.95,10,835.1299999999999,0,0,2023-12-13,Low Income,Young Adult (18-24),94.99,52.27,Proactive Monitoring,High Difficulty
255,18,51127,Full-time,Common-law,Laval,Quebec,142942.81,4.754,15,180,112159.63,Active,1112.15,2021-07-08,2036-07-08,1.0,BMO Student Banking Program,University of British Columbia,Vancouver,British Columbia,Doctor of Medicine,Medicine,Professional,3.0,4.0,95.8,95.8,120196.79,7,1112.15,0,0,2023-12-01,Medium Income,Young Adult (18-24),78.46,26.1,Proactive Monitoring,High Difficulty
521,28,23897,Part-time,Divorced,Lethbridge,Alberta,142907.95,5.477,15,180,119186.34,Active,1165.93,2022-10-08,2037-10-08,1.0,TD Student Line of Credit,University of Waterloo,Waterloo,Ontario,Mathematics,Science,Bachelor's,3.0,4.0,73.0,73.0,59771.34,3,1165.93,0,0,2023-12-03,Low Income,Young Professional (25-34),83.4,58.55,Proactive Monitoring,High Difficulty
591,21,0,Unemployed,Widowed,Winnipeg,Manitoba,141896.84,4.361000000000001,20,240,126364.88,Active,887.1,2023-01-08,2043-01-08,1.0,TD Student Line of Credit,York University,Toronto,Ontario,Master of Science in Engineering,Engineering,Master's,3.0,2.0,93.0,93.0,87004.95,7,887.1,0,0,2023-12-01,Low Income,Young Adult (18-24),89.05,inf,Proactive Monitoring,High Difficulty
703,42,17335,Part-time,Married,Ottawa,Ontario,141790.41,4.334,20,240,114100.34,Active,884.38,2020-10-08,2040-10-08,1.0,TD Student Line of Credit,Carleton University,Ottawa,Ontario,Network Administration,Technology,Certificate,2.0,2.0,79.4,79.4,53377.98,11,884.38,0,0,2023-12-01,Low Income,Mid-Career (35-49),80.47,61.22,Proactive Monitoring,Medium Difficulty
174,22,0,Unemployed,Divorced,Quebec City,Quebec,141617.0,5.139,15,180,123096.45,Active,1130.18,2023-07-08,2038-07-08,1.0,Provincial Student Aid,University of Manitoba,Winnipeg,Manitoba,Medical Assistant,Healthcare,Certificate,1.0,1.0,86.8,86.8,36563.35,3,1130.18,0,0,2023-12-03,Low Income,Young Adult (18-24),86.92,inf,Proactive Monitoring,Low Difficulty
506,35,0,Unemployed,Divorced,Victoria,British Columbia,141613.05,4.6129999999999995,20,240,124806.23,Active,904.58,2022-03-08,2042-03-08,1.0,Provincial Student Aid,University of Toronto,Toronto,Ontario,Social Work,Social Sciences,Bachelor's,2.0,4.0,81.7,81.7,47749.46,10,904.5800000000002,0,0,2023-12-06,Low Income,Mid-Career (35-49),88.13,inf,Proactive Monitoring,Medium Difficulty
352,34,17502,Part-time,Common-law,Winnipeg,Manitoba,141365.37,6.825,15,180,118798.83,Active,1256.84,2021-08-08,2036-08-08,1.0,Royal Bank of Canada,Concordia University,Montreal,Quebec,Business Administration,Business,Bachelor's,1.0,4.0,89.0,89.0,55507.95,10,1256.84,0,0,2023-12-03,Low Income,Young Professional (25-34),84.04,86.17,Proactive Monitoring,Low Difficulty
269,37,24143,Part-time,Common-law,Red Deer,Alberta,141301.11,4.9719999999999995,25,300,135824.67,Active,823.73,2023-06-08,2048-06-08,1.0,Bank of Montreal,University of Ottawa,Ottawa,Ontario,Doctor of Pharmacy,Healthcare,Professional,3.0,4.0,94.0,94.0,90553.81,3,823.73,0,0,2023-12-03,Low Income,Mid-Career (35-49),96.12,40.94,Proactive Monitoring,High Difficulty
810,20,40057,Full-time,Single,Steinbach,Manitoba,140400.66,4.426,25,300,127255.19,In Deferment,774.51,2021-11-08,2046-11-08,1.0,TD Student Line of Credit,Simon Fraser University,Burnaby,British Columbia,Nursing,Healthcare,Bachelor's,2.0,4.0,92.5,92.5,65996.75,3,774.5099999999999,0,0,2023-12-04,Medium Income,Young Adult (18-24),90.64,23.2,Proactive Monitoring,Medium Difficulty
31,24,15257,Part-time,Common-law,Ottawa,Ontario,140353.34,4.699,15,180,108046.01,Active,1088.02,2021-10-08,2036-10-08,1.0,CIBC,Queen's University,Kingston,Ontario,Pre-Medicine,Science,Bachelor's,3.0,4.0,63.0,63.0,45054.86,7,1088.02,0,0,2023-12-05,Low Income,Young Adult (18-24),76.98,85.58,Proactive Monitoring,High Difficulty
685,25,23046,Part-time,Single,Mississauga,Ontario,139869.46,3.151,25,300,118863.87,Active,674.31,2020-02-08,2045-02-08,1.0,BMO Student Banking Program,McMaster University,Hamilton,Ontario,Network Administration,Technology,Certificate,2.0,2.0,79.4,79.4,53377.98,7,577.9799999999999,0,1,2023-12-01,Low Income,Young Professional (25-34),84.98,35.11,Proactive Monitoring,Medium Difficulty
266,25,24940,Part-time,Widowed,Laval,Quebec,139534.41,6.848,15,180,119554.61,Active,1242.35,2021-12-08,2036-12-08,1.0,BMO Student Banking Program,Simon Fraser University,Burnaby,British Columbia,Mechanical Engineering,Engineering,Bachelor's,3.0,4.0,84.3,84.3,68800.56,14,1242.35,0,0,2023-12-02,Low Income,Young Professional (25-34),85.68,59.78,Proactive Monitoring,High Difficulty
751,34,74521,Full-time,Divorced,Lethbridge,Alberta,139160.33,4.9830000000000005,25,300,130624.2,Active,812.14,2023-06-08,2048-06-08,1.0,Canada Student Loans Program,Carleton University,Ottawa,Ontario,Computer Science,Technology,Bachelor's,2.0,4.0,93.5,93.5,71537.28,4,812.14,0,0,2023-12-01,High Income,Young Professional (25-34),93.87,13.08,Proactive Monitoring,Medium Difficulty
389,40,0,Unemployed,Widowed,Brampton,Ontario,138798.4,4.2620000000000005,25,300,118848.88,Active,752.86,2020-08-08,2045-08-08,1.0,TD Student Line of Credit,McGill University,Montreal,Quebec,Medical Assistant,Healthcare,Certificate,1.0,1.0,86.8,86.8,36563.35,0,0.0,0,0,Never,Low Income,Mid-Career (35-49),85.63,inf,Proactive Monitoring,Low Difficulty
936,44,24260,Part-time,Single,Lethbridge,Alberta,138127.27,2.527,15,180,73286.28,Active,922.77,2018-08-08,2033-08-08,1.0,Royal Bank of Canada,NAIT,Edmonton,Alberta,Psychology,Social Sciences,Bachelor's,2.0,4.0,78.4,78.4,44256.05,0,0.0,0,0,Never,Low Income,Mid-Career (35-49),53.06,45.64,Proactive Monitoring,Medium Difficulty
861,40,0,Unemployed,Married,Winnipeg,Manitoba,136657.14,3.311,15,180,114462.91,Active,964.3,2022-10-08,2037-10-08,1.0,Scotiabank Student Line of Credit,University of Saskatchewan,Saskatoon,Saskatchewan,Communications,Liberal Arts,Bachelor's,1.0,4.0,75.2,75.2,43205.15,0,0.0,0,0,Never,Low Income,Mid-Career (35-49),83.76,inf,Proactive Monitoring,Low Difficulty
635,42,44385,Full-time,Divorced,Quebec City,Quebec,135725.42,4.3260000000000005,15,180,110798.33,Active,1026.26,2021-09-08,2036-09-08,1.0,RBC Student Banking,NAIT,Edmonton,Alberta,Juris Doctor (Law),Law,Professional,3.0,3.0,78.8,78.8,75387.23,11,1026.26,0,0,2023-12-02,Medium Income,Mid-Career (35-49),81.63,27.75,Proactive Monitoring,High Difficulty
557,41,24041,Part-time,Single,Vancouver,British Columbia,135428.55,3.235,25,300,119051.93,Active,658.89,2021-12-08,2046-12-08,1.0,CIBC,Queen's University,Kingston,Ontario,Communications,Liberal Arts,Bachelor's,1.0,4.0,75.2,75.2,43205.15,3,658.89,0,0,2023-12-01,Low Income,Mid-Career (35-49),87.91,32.89,Proactive Monitoring,Low Difficulty
305,42,15757,Part-time,Divorced,Winnipeg,Manitoba,135396.13,6.663,15,180,123635.71,Active,1191.61,2023-09-08,2038-09-08,1.0,Bank of Montreal,Dalhousie University,Halifax,Nova Scotia,Sports Management,Business,Bachelor's,1.0,4.0,73.4,73.4,40048.59,1,1191.61,0,0,2023-12-04,Low Income,Mid-Career (35-49),91.31,90.75,Proactive Monitoring,Low Difficulty
458,34,23239,Part-time,Widowed,Calgary,Alberta,135204.77,4.18,20,240,112471.83,Active,832.19,2021-01-08,2041-01-08,1.0,Canada Student Loans Program,University of Manitoba,Winnipeg,Manitoba,HVAC Technology,Technical,Certificate,1.0,2.0,92.0,92.0,46389.64,11,832.19,0,0,2023-12-05,Low Income,Young Professional (25-34),83.19,42.97,Proactive Monitoring,Low Difficulty
864,29,0,Unemployed,Divorced,London,Ontario,134592.0,3.339,15,180,113409.39,Active,951.57,2023-05-08,2038-05-08,1.0,BMO Student Banking Program,Ryerson University,Toronto,Ontario,Doctor of Medicine,Medicine,Professional,3.0,4.0,95.8,95.8,120196.79,0,0.0,0,0,Never,Low Income,Young Professional (25-34),84.26,inf,Proactive Monitoring,High Difficulty
60,26,56240,Full-time,Widowed,Brampton,Ontario,133971.25,5.408,25,300,129089.17,Active,815.36,2023-06-08,2048-06-08,1.0,TD Student Line of Credit,University of Waterloo,Waterloo,Ontario,Psychology,Social Sciences,Bachelor's,2.0,4.0,78.4,78.4,44256.05,5,815.36,0,0,2023-12-01,Medium Income,Young Professional (25-34),96.36,17.4,Proactive Monitoring,Medium Difficulty
775,41,0,Unemployed,Married,Mississauga,Ontario,133929.92,4.134,25,300,115352.53,Active,716.88,2020-06-08,2045-06-08,1.0,TD Student Line of Credit,University of Saskatchewan,Saskatoon,Saskatchewan,Physics,Science,Bachelor's,3.0,4.0,73.4,73.4,52697.17,7,614.4685714285714,0,1,2023-11-01,Low Income,Mid-Career (35-49),86.13,inf,Proactive Monitoring,High Difficulty
138,35,68261,Full-time,Widowed,Lethbridge,Alberta,133678.81,4.954000000000001,15,180,115393.4,Active,1053.92,2022-12-08,2037-12-08,1.0,CIBC,York University,Toronto,Ontario,Social Work,Social Sciences,Bachelor's,2.0,4.0,81.7,81.7,47749.46,7,1053.92,0,0,2023-12-01,Medium Income,Mid-Career (35-49),86.32,18.53,Proactive Monitoring,Medium Difficulty
2,36,0,Unemployed,Common-law,Lethbridge,Alberta,133655.82,6.113,20,240,119261.5,Active,966.29,2021-07-08,2041-07-08,1.0,Bank of Nova Scotia,University of Saskatchewan,Saskatoon,Saskatchewan,Master of Science in Engineering,Engineering,Master's,3.0,2.0,93.0,93.0,87004.95,11,966.2899999999998,0,0,2023-12-07,Low Income,Mid-Career (35-49),89.23,inf,Proactive Monitoring,High Difficulty
829,27,0,Unemployed,Single,Montreal,Quebec,133488.65,7.184,20,240,118595.22,Active,1049.73,2021-07-08,2041-07-08,1.0,TD Canada Trust,Ryerson University,Toronto,Ontario,Early Childhood Education,Education,Bachelor's,1.0,4.0,80.9,80.9,46386.58,23,1049.73,0,0,2023-12-01,Low Income,Young Professional (25-34),88.84,inf,Proactive Monitoring,Low Difficulty
212,40,24971,Part-time,Married,Steinbach,Manitoba,133475.11,4.277,20,240,117115.62,In Deferment,828.45,2022-09-08,2042-09-08,1.0,National Bank of Canada,York University,Toronto,Ontario,Mathematics,Science,Bachelor's,3.0,4.0,73.0,73.0,59771.34,12,828.4500000000002,0,0,2023-12-02,Low Income,Mid-Career (35-49),87.74,39.81,Proactive Monitoring,High Difficulty
85,28,18806,Part-time,Common-law,Calgary,Alberta,132773.46,5.203,15,180,105571.3,Active,1064.06,2021-08-08,2036-08-08,1.0,CIBC,Simon Fraser University,Burnaby,British Columbia,Automotive Technology,Technical,Certificate,1.0,2.0,82.5,82.5,43070.11,0,0.0,0,0,Never,Low Income,Young Professional (25-34),79.51,67.9,Proactive Monitoring,Low Difficulty
162,34,0,Unemployed,Married,Victoria,British Columbia,132592.24,4.367,15,180,107693.67,Active,1005.33,2021-08-08,2036-08-08,1.0,TD Canada Trust,McMaster University,Hamilton,Ontario,Biomedical Engineering,Engineering,Bachelor's,3.0,4.0,87.2,87.2,66515.13,0,0.0,0,0,Never,Low Income,Young Professional (25-34),81.22,inf,Proactive Monitoring,High Difficulty
959,42,15717,Part-time,Widowed,Winnipeg,Manitoba,131274.8,5.247,20,240,116252.54,Active,884.37,2021-08-08,2041-08-08,1.0,Bank of Montreal,University of Ottawa,Ottawa,Ontario,Pre-Medicine,Science,Bachelor's,3.0,4.0,63.0,63.0,45054.86,15,884.37,0,0,2023-12-01,Low Income,Mid-Career (35-49),88.56,67.52,Proactive Monitoring,High Difficulty
655,36,0,Unemployed,Married,Quebec City,Quebec,130230.63,7.268,15,180,102436.97,Active,1190.15,2020-12-08,2035-12-08,1.0,CIBC,University of Toronto,Toronto,Ontario,Sports Management,Business,Bachelor's,1.0,4.0,73.4,73.4,40048.59,15,1190.15,0,0,2023-12-02,Low Income,Mid-Career (35-49),78.66,inf,Proactive Monitoring,Low Difficulty
235,34,0,Unemployed,Divorced,Surrey,British Columbia,129766.56,5.676,25,300,116669.54,Active,810.58,2021-06-08,2046-06-08,1.0,Canada Student Loans Program,York University,Toronto,Ontario,Accounting,Business,Bachelor's,2.0,4.0,89.0,89.0,56361.99,3,810.58,0,0,2023-12-01,Low Income,Young Professional (25-34),89.91,inf,Proactive Monitoring,Medium Difficulty
526,43,0,Unemployed,Common-law,Surrey,British Columbia,129597.56,6.09,20,240,114203.54,Active,935.22,2022-03-08,2042-03-08,1.0,Bank of Nova Scotia,University of Ottawa,Ottawa,Ontario,Electrical Engineering,Engineering,Bachelor's,3.0,4.0,85.3,85.3,71274.04,3,935.2199999999999,0,0,2023-12-01,Low Income,Mid-Career (35-49),88.12,inf,Proactive Monitoring,High Difficulty
14,24,56953,Full-time,Divorced,Brampton,Ontario,129391.17,4.909,15,180,101791.76,Active,1017.09,2021-01-08,2036-01-08,1.0,TD Canada Trust,Ryerson University,Toronto,Ontario,Master of Science in Engineering,Engineering,Master's,3.0,2.0,93.0,93.0,87004.95,19,1017.0899999999999,0,0,2023-12-03,Medium Income,Young Adult (18-24),78.67,21.43,Proactive Monitoring,High Difficulty
142,29,0,Unemployed,Widowed,Brampton,Ontario,128248.77,3.044,15,180,109504.29,Active,888.38,2022-08-08,2037-08-08,1.0,National Bank of Canada,University of Manitoba,Winnipeg,Manitoba,Psychology,Social Sciences,Bachelor's,2.0,4.0,78.4,78.4,44256.05,13,888.38,0,0,2023-12-01,Low Income,Young Professional (25-34),85.38,inf,Proactive Monitoring,Medium Difficulty
34,18,0,Unemployed,Single,Lethbridge,Alberta,127939.19,4.561999999999999,25,300,120668.6,Active,715.64,2023-04-08,2048-04-08,1.0,CIBC,York University,Toronto,Ontario,General Studies,Liberal Arts,Bachelor's,1.0,4.0,67.6,67.6,39266.48,0,0.0,0,0,Never,Low Income,Young Adult (18-24),94.32,inf,Proactive Monitoring,Low Difficulty
390,18,20032,Part-time,Married,Brandon,Manitoba,127890.74,6.372,20,240,108873.63,Active,943.91,2020-09-08,2040-09-08,1.0,Scotiabank Student Line of Credit,University of Victoria,Victoria,British Columbia,Hospitality Management,Business,Bachelor's,1.0,4.0,74.8,74.8,43656.21,0,0.0,0,0,Never,Low Income,Young Adult (18-24),85.13,56.54,Proactive Monitoring,Low Difficulty
496,29,23057,Part-time,Common-law,Montreal,Quebec,127306.71,7.545,20,240,117815.5,Active,1029.08,2023-03-08,2043-03-08,1.0,Bank of Montreal,University of Victoria,Victoria,British Columbia,Computer Science,Technology,Bachelor's,2.0,4.0,93.5,93.5,71537.28,3,1029.08,0,0,2023-12-06,Low Income,Young Professional (25-34),92.54,53.56,Proactive Monitoring,Medium Difficulty
59,25,22293,Part-time,Divorced,Hamilton,Ontario,126150.24,4.872,25,300,112874.65,Active,728.08,2020-09-08,2045-09-08,1.0,TD Student Line of Credit,University of Toronto,Toronto,Ontario,Chemistry,Science,Bachelor's,3.0,4.0,78.3,78.3,54889.19,10,728.08,0,0,2023-12-02,Low Income,Young Professional (25-34),89.48,39.19,Proactive Monitoring,High Difficulty
990,18,50204,Full-time,Widowed,Toronto,Ontario,125764.5,4.132,25,300,110387.45,Active,673.03,2020-12-08,2045-12-08,1.0,National Bank of Canada,Queen's University,Kingston,Ontario,Mechanical Engineering,Engineering,Bachelor's,3.0,4.0,84.3,84.3,68800.56,7,673.03,0,0,2023-12-01,Medium Income,Young Adult (18-24),87.77,16.09,Proactive Monitoring,High Difficulty
52,29,23870,Part-time,Married,Brampton,Ontario,125574.48,4.5120000000000005,15,180,95743.48,Active,961.41,2020-09-08,2035-09-08,1.0,BMO Student Banking Program,University of Manitoba,Winnipeg,Manitoba,Criminal Justice,Social Sciences,Bachelor's,2.0,4.0,82.2,82.2,45869.85,7,961.41,0,0,2023-12-04,Low Income,Young Professional (25-34),76.24,48.33,Proactive Monitoring,Medium Difficulty
739,34,15865,Part-time,Divorced,Calgary,Alberta,124752.65,5.228,15,180,111147.79,Active,1001.42,2022-12-08,2037-12-08,1.0,Bank of Montreal,University of Manitoba,Winnipeg,Manitoba,Marketing,Business,Bachelor's,1.0,4.0,82.9,82.9,47788.43,2,1001.42,0,0,2023-12-02,Low Income,Young Professional (25-34),89.09,75.75,Proactive Monitoring,Low Difficulty
565,23,45387,Full-time,Divorced,Laval,Quebec,124157.25,3.206,15,180,83448.68,Active,869.76,2019-08-08,2034-08-08,1.0,Canada Student Loans Program,McMaster University,Hamilton,Ontario,Chemical Engineering,Engineering,Bachelor's,3.0,4.0,88.5,88.5,73095.5,14,869.76,0,0,2023-12-06,Medium Income,Young Adult (18-24),67.21,23.0,Proactive Monitoring,High Difficulty
100,30,56301,Full-time,Married,Edmonton,Alberta,122831.88,8.549,20,240,112545.76,Active,1069.78,2022-07-08,2042-07-08,1.0,Royal Bank of Canada,University of Alberta,Edmonton,Alberta,Master of Education,Education,Master's,2.0,2.0,89.0,89.0,62772.62,10,1069.78,0,0,2023-12-02,Medium Income,Young Professional (25-34),91.63,22.8,Proactive Monitoring,Medium Difficulty
973,42,65124,Full-time,Married,Laval,Quebec,122511.3,4.13,15,180,104223.78,Active,914.2,2023-05-08,2038-05-08,1.0,Scotiabank Student Line of Credit,University of Saskatchewan,Saskatoon,Saskatchewan,Dental Hygiene,Healthcare,Associate,2.0,2.0,87.2,87.2,61248.37,3,914.2000000000002,0,0,2023-12-03,Medium Income,Mid-Career (35-49),85.07,16.85,Proactive Monitoring,Medium Difficulty
610,26,72390,Full-time,Single,Vancouver,British Columbia,121402.57,3.121,25,300,108343.08,Active,583.37,2021-12-08,2046-12-08,1.0,TD Student Line of Credit,University of Toronto,Toronto,Ontario,Nursing,Healthcare,Bachelor's,2.0,4.0,92.5,92.5,65996.75,3,583.37,0,0,2023-12-01,High Income,Young Professional (25-34),89.24,9.67,Proactive Monitoring,Medium Difficulty
463,34,19416,Part-time,Divorced,Vancouver,British Columbia,120970.44,4.995,25,300,110932.45,Active,706.83,2022-07-08,2047-07-08,1.0,TD Student Line of Credit,University of Saskatchewan,Saskatoon,Saskatchewan,Criminal Justice,Social Sciences,Bachelor's,2.0,4.0,82.2,82.2,45869.85,10,706.83,0,0,2023-12-03,Low Income,Young Professional (25-34),91.7,43.69,Proactive Monitoring,Medium Difficulty
972,44,20475,Part-time,Widowed,Ottawa,Ontario,120491.9,4.393,15,180,85772.9,Active,915.18,2020-11-08,2035-11-08,1.0,Canada Student Loans Program,McMaster University,Hamilton,Ontario,Aerospace Engineering,Engineering,Bachelor's,3.0,4.0,80.0,80.0,74705.15,11,915.18,0,0,2023-12-03,Low Income,Mid-Career (35-49),71.19,53.64,Proactive Monitoring,High Difficulty
304,36,0,Unemployed,Divorced,Calgary,Alberta,120299.93,6.635,20,240,101827.91,Active,906.51,2020-12-08,2040-12-08,1.0,Scotiabank Student Line of Credit,University of Waterloo,Waterloo,Ontario,Physics,Science,Bachelor's,3.0,4.0,73.4,73.4,52697.17,11,741.69,0,2,2023-11-02,Low Income,Mid-Career (35-49),84.65,inf,Proactive Monitoring,High Difficulty
519,19,0,Unemployed,Married,Laval,Quebec,119596.34,3.104,20,240,109151.51,Active,669.52,2022-12-08,2042-12-08,1.0,Royal Bank of Canada,Dalhousie University,Halifax,Nova Scotia,Criminal Justice,Social Sciences,Bachelor's,2.0,4.0,82.2,82.2,45869.85,6,669.52,0,0,2023-12-04,Low Income,Young Adult (18-24),91.27,inf,Proactive Monitoring,Medium Difficulty
891,19,23143,Part-time,Common-law,Lethbridge,Alberta,118284.68,2.975,20,240,95362.08,Active,654.52,2021-05-08,2041-05-08,1.0,Bank of Montreal,Queen's University,Kingston,Ontario,Sports Management,Business,Bachelor's,1.0,4.0,73.4,73.4,40048.59,2,654.52,0,0,2023-12-02,Low Income,Young Adult (18-24),80.62,33.94,Proactive Monitoring,Low Difficulty
930,42,0,Unemployed,Widowed,Ottawa,Ontario,117675.12,7.304,20,240,105871.86,Active,933.93,2022-05-08,2042-05-08,1.0,Scotiabank Student Line of Credit,University of Calgary,Calgary,Alberta,Hospitality Management,Business,Bachelor's,1.0,4.0,74.8,74.8,43656.21,11,764.1245454545453,0,2,2023-11-03,Low Income,Mid-Career (35-49),89.97,inf,Proactive Monitoring,Low Difficulty
625,40,0,Unemployed,Widowed,Edmonton,Alberta,117490.86,4.375,15,180,98126.68,Defaulted,891.31,2023-01-08,2038-01-08,1.0,National Bank of Canada,NAIT,Edmonton,Alberta,Doctor of Medicine,Medicine,Professional,3.0,4.0,95.8,95.8,120196.79,0,0.0,0,0,Never,Low Income,Mid-Career (35-49),83.52,inf,Proactive Monitoring,High Difficulty
112,21,0,Unemployed,Married,Ottawa,Ontario,117214.57,6.243,15,180,88418.14,Active,1004.58,2021-02-08,2036-02-08,1.0,National Bank of Canada,University of British Columbia,Vancouver,British Columbia,Doctor of Medicine,Medicine,Professional,3.0,4.0,95.8,95.8,120196.79,0,0.0,0,0,Never,Low Income,Young Adult (18-24),75.43,inf,Proactive Monitoring,High Difficulty
21,34,58434,Full-time,Common-law,London,Ontario,116484.03,3.831,15,180,88249.94,Active,851.79,2021-10-08,2036-10-08,1.0,TD Canada Trust,University of Toronto,Toronto,Ontario,Chemistry,Science,Bachelor's,3.0,4.0,78.3,78.3,54889.19,23,851.79,0,0,2023-12-01,Medium Income,Young Professional (25-34),75.76,17.49,Proactive Monitoring,High Difficulty
709,28,19070,Part-time,Divorced,Brandon,Manitoba,116367.58,4.852,20,240,110692.22,Active,758.49,2023-09-08,2043-09-08,1.0,BMO Student Banking Program,University of Manitoba,Winnipeg,Manitoba,Dental Hygiene,Healthcare,Associate,2.0,2.0,87.2,87.2,61248.37,1,758.49,0,0,2023-12-02,Low Income,Young Professional (25-34),95.12,47.73,Proactive Monitoring,Medium Difficulty
502,21,0,Unemployed,Married,London,Ontario,116116.84,6.012,25,300,105775.21,Active,748.99,2021-04-08,2046-04-08,1.0,Provincial Student Aid,McMaster University,Hamilton,Ontario,Doctor of Medicine,Medicine,Professional,3.0,4.0,95.8,95.8,120196.79,18,665.7688888888889,0,2,2023-12-15,Low Income,Young Adult (18-24),91.09,inf,Proactive Monitoring,High Difficulty
653,25,0,Unemployed,Divorced,Mississauga,Ontario,114004.38,5.171,15,180,95692.3,Active,911.73,2022-06-08,2037-06-08,1.0,National Bank of Canada,University of British Columbia,Vancouver,British Columbia,Sports Management,Business,Bachelor's,1.0,4.0,73.4,73.4,40048.59,0,0.0,0,0,Never,Low Income,Young Professional (25-34),83.94,inf,Proactive Monitoring,Low Difficulty
195,34,0,Unemployed,Common-law,Steinbach,Manitoba,113930.78,11.728,25,300,111019.79,Active,1177.11,2022-08-08,2047-08-08,1.0,Royal Bank of Canada,University of Toronto,Toronto,Ontario,Chemical Engineering,Engineering,Bachelor's,3.0,4.0,88.5,88.5,73095.5,7,1177.11,0,0,2023-12-01,Low Income,Young Professional (25-34),97.44,inf,Proactive Monitoring,High Difficulty
242,27,0,Unemployed,Single,Vancouver,British Columbia,113217.36,9.83,15,180,100529.1,Active,1204.89,2023-01-08,2038-01-08,1.0,National Bank of Canada,Ryerson University,Toronto,Ontario,Electrical Engineering,Engineering,Bachelor's,3.0,4.0,85.3,85.3,71274.04,2,1204.89,0,0,2023-12-02,Low Income,Young Professional (25-34),88.79,inf,Proactive Monitoring,High Difficulty
136,34,0,Unemployed,Single,Lethbridge,Alberta,112720.14,4.7219999999999995,20,240,101138.95,Active,726.7,2022-02-08,2042-02-08,1.0,Scotiabank Student Line of Credit,Memorial University,St. John's,Newfoundland,Accounting,Business,Bachelor's,2.0,4.0,89.0,89.0,56361.99,18,726.7,0,0,2023-12-02,Low Income,Young Professional (25-34),89.73,inf,Proactive Monitoring,Medium Difficulty
403,40,60962,Full-time,Widowed,Brampton,Ontario,112406.2,5.724,20,240,101962.12,In Deferment,787.52,2023-02-08,2043-02-08,1.0,BMO Student Banking Program,University of Manitoba,Winnipeg,Manitoba,Aerospace Engineering,Engineering,Bachelor's,3.0,4.0,80.0,80.0,74705.15,6,787.52,0,0,2023-12-01,Medium Income,Mid-Career (35-49),90.71,15.5,Proactive Monitoring,High Difficulty
702,19,16008,Part-time,Common-law,Hamilton,Ontario,110625.73,4.528,15,180,89047.74,Active,847.86,2021-06-08,2036-06-08,1.0,Scotiabank Student Line of Credit,University of Victoria,Victoria,British Columbia,Network Administration,Technology,Certificate,2.0,2.0,79.4,79.4,53377.98,7,847.86,0,0,2023-12-01,Low Income,Young Adult (18-24),80.49,63.56,Proactive Monitoring,Medium Difficulty
357,29,16870,Part-time,Widowed,Victoria,British Columbia,110364.9,2.825,25,300,95206.36,Active,513.37,2021-02-08,2046-02-08,1.0,National Bank of Canada,Memorial University,St. John's,Newfoundland,Biomedical Engineering,Engineering,Bachelor's,3.0,4.0,87.2,87.2,66515.13,3,513.37,0,0,2023-12-06,Low Income,Young Professional (25-34),86.27,36.52,Proactive Monitoring,High Difficulty
789,37,0,Unemployed,Widowed,Red Deer,Alberta,109618.86,5.457,15,180,90921.13,Active,893.18,2021-09-08,2036-09-08,1.0,Provincial Student Aid,University of Victoria,Victoria,British Columbia,Criminal Justice,Social Sciences,Bachelor's,2.0,4.0,82.2,82.2,45869.85,11,893.18,0,0,2023-12-01,Low Income,Mid-Career (35-49),82.94,inf,Proactive Monitoring,Medium Difficulty
323,19,67570,Full-time,Divorced,Ottawa,Ontario,109542.7,7.761,20,240,103911.19,Active,900.03,2023-07-08,2043-07-08,1.0,BMO Student Banking Program,Concordia University,Montreal,Quebec,Master of Business Administration,Business,Master's,2.0,2.0,92.6,92.6,93253.27,3,300.01,0,2,2023-10-13,Medium Income,Young Adult (18-24),94.86,15.98,Proactive Monitoring,Medium Difficulty
122,38,0,Unemployed,Single,Laval,Quebec,109425.91,3.485,15,180,92881.77,Active,781.46,2022-06-08,2037-06-08,1.0,Bank of Nova Scotia,University of Waterloo,Waterloo,Ontario,Information Technology,Technology,Bachelor's,2.0,4.0,91.4,91.4,63405.33,10,781.46,0,0,2023-12-03,Low Income,Mid-Career (35-49),84.88,inf,Proactive Monitoring,Medium Difficulty
976,19,23123,Part-time,Married,Surrey,British Columbia,108457.31,3.618,25,300,94884.41,Active,549.85,2021-08-08,2046-08-08,1.0,National Bank of Canada,University of Toronto,Toronto,Ontario,Doctor of Medicine,Medicine,Professional,3.0,4.0,95.8,95.8,120196.79,10,549.85,0,0,2023-12-08,Low Income,Young Adult (18-24),87.49,28.54,Proactive Monitoring,High Difficulty
489,33,21619,Part-time,Single,Brampton,Ontario,108084.16,3.983,25,300,93602.97,Active,569.49,2021-02-08,2046-02-08,1.0,Canada Student Loans Program,Carleton University,Ottawa,Ontario,Doctor of Medicine,Medicine,Professional,3.0,4.0,95.8,95.8,120196.79,10,512.5409999999999,0,1,2023-12-01,Low Income,Young Professional (25-34),86.6,31.61,Proactive Monitoring,High Difficulty
988,22,47315,Full-time,Single,Victoria,British Columbia,107252.55,11.967,15,180,96410.12,Active,1284.93,2022-05-08,2037-05-08,1.0,BMO Student Banking Program,University of Alberta,Edmonton,Alberta,Doctor of Pharmacy,Healthcare,Professional,3.0,4.0,94.0,94.0,90553.81,15,1284.93,0,0,2023-12-01,Medium Income,Young Adult (18-24),89.89,32.59,Proactive Monitoring,High Difficulty
116,38,0,Unemployed,Widowed,Mississauga,Ontario,106949.73,5.028,20,240,95681.04,Active,707.48,2021-12-08,2041-12-08,1.0,TD Canada Trust,University of British Columbia,Vancouver,British Columbia,Network Administration,Technology,Certificate,2.0,2.0,79.4,79.4,53377.98,18,707.48,0,0,2023-12-03,Low Income,Mid-Career (35-49),89.46,inf,Proactive Monitoring,Medium Difficulty
344,28,17872,Part-time,Widowed,Edmonton,Alberta,106171.63,5.109,15,180,84775.67,Active,845.64,2021-09-08,2036-09-08,1.0,Scotiabank Student Line of Credit,McGill University,Montreal,Quebec,Automotive Technology,Technical,Certificate,1.0,2.0,82.5,82.5,43070.11,7,845.64,0,0,2023-12-03,Low Income,Young Professional (25-34),79.85,56.78,Proactive Monitoring,Low Difficulty
690,19,0,Unemployed,Married,Quebec City,Quebec,105483.33,11.844,15,180,92406.78,Active,1255.41,2021-04-08,2036-04-08,1.0,BMO Student Banking Program,University of Victoria,Victoria,British Columbia,Information Technology,Technology,Bachelor's,2.0,4.0,91.4,91.4,63405.33,19,1255.41,0,0,2023-12-02,Low Income,Young Adult (18-24),87.6,inf,Proactive Monitoring,Medium Difficulty
10,34,56575,Full-time,Widowed,Steinbach,Manitoba,105153.28,4.934,25,300,94617.36,Active,610.68,2021-05-08,2046-05-08,1.0,CIBC,Ryerson University,Toronto,Ontario,Chemical Engineering,Engineering,Bachelor's,3.0,4.0,88.5,88.5,73095.5,2,610.68,0,0,2023-12-02,Medium Income,Young Professional (25-34),89.98,12.95,Proactive Monitoring,High Difficulty
74,35,0,Unemployed,Married,Laval,Quebec,104056.19,9.172,15,180,90707.24,Active,1066.08,2022-10-08,2037-10-08,1.0,TD Canada Trust,Ryerson University,Toronto,Ontario,Architecture,Design,Bachelor's,3.0,5.0,68.1,68.1,64043.12,11,1066.08,0,0,2023-12-05,Low Income,Mid-Career (35-49),87.17,inf,Proactive Monitoring,High Difficulty
735,38,47789,Full-time,Married,London,Ontario,102520.65,11.958,15,180,93651.1,Active,1227.65,2023-04-08,2038-04-08,1.0,TD Student Line of Credit,University of Victoria,Victoria,British Columbia,Physics,Science,Bachelor's,3.0,4.0,73.4,73.4,52697.17,7,1227.65,0,0,2023-12-01,Medium Income,Mid-Career (35-49),91.35,30.83,Proactive Monitoring,High Difficulty
601,36,0,Unemployed,Married,Winnipeg,Manitoba,102390.87,5.281,15,180,78688.84,Active,824.77,2021-08-08,2036-08-08,1.0,Bank of Nova Scotia,University of Alberta,Edmonton,Alberta,Computer Science,Technology,Bachelor's,2.0,4.0,93.5,93.5,71537.28,0,0.0,0,0,Never,Low Income,Mid-Career (35-49),76.85,inf,Proactive Monitoring,Medium Difficulty
237,28,0,Unemployed,Single,Winnipeg,Manitoba,100809.93,4.06,15,180,85690.53,Active,748.71,2022-11-08,2037-11-08,1.0,Bank of Nova Scotia,Concordia University,Montreal,Quebec,Physics,Science,Bachelor's,3.0,4.0,73.4,73.4,52697.17,3,748.71,0,0,2023-12-07,Low Income,Young Professional (25-34),85.0,inf,Proactive Monitoring,High Difficulty
790,42,15258,Part-time,Married,Toronto,Ontario,100302.78,2.811,25,300,89870.26,Active,465.85,2021-09-08,2046-09-08,1.0,Scotiabank Student Line of Credit,Simon Fraser University,Burnaby,British Columbia,Master of Business Administration,Business,Master's,2.0,2.0,92.6,92.6,93253.27,2,465.85,0,0,2023-12-02,Low Income,Mid-Career (35-49),89.6,36.64,Proactive Monitoring,Medium Difficulty
243,21,0,Unemployed,Single,Victoria,British Columbia,99993.25,4.795999999999999,20,240,91226.5,Active,648.69,2023-01-08,2043-01-08,1.0,RBC Student Banking,University of Ottawa,Ottawa,Ontario,Mathematics,Science,Bachelor's,3.0,4.0,73.0,73.0,59771.34,10,648.69,0,0,2023-12-02,Low Income,Young Adult (18-24),91.23,inf,Proactive Monitoring,High Difficulty
969,35,16396,Part-time,Single,Red Deer,Alberta,99848.19,3.7,25,300,95456.08,Active,510.64,2023-07-08,2048-07-08,1.0,Bank of Nova Scotia,University of Ottawa,Ottawa,Ontario,Doctor of Medicine,Medicine,Professional,3.0,4.0,95.8,95.8,120196.79,3,510.64000000000004,0,0,2023-12-02,Low Income,Mid-Career (35-49),95.6,37.37,Proactive Monitoring,High Difficulty
552,28,0,Unemployed,Divorced,Mississauga,Ontario,99431.76,5.555,25,300,90034.27,Active,613.87,2021-10-08,2046-10-08,1.0,Bank of Nova Scotia,York University,Toronto,Ontario,Physics,Science,Bachelor's,3.0,4.0,73.4,73.4,52697.17,11,613.87,0,0,2023-12-07,Low Income,Young Professional (25-34),90.55,inf,Proactive Monitoring,High Difficulty
686,22,0,Unemployed,Widowed,Mississauga,Ontario,98756.1,3.367,25,300,91033.91,Active,487.38,2023-05-08,2048-05-08,1.0,Royal Bank of Canada,NAIT,Edmonton,Alberta,Physics,Science,Bachelor's,3.0,4.0,73.4,73.4,52697.17,7,417.7542857142857,0,1,2023-12-02,Low Income,Young Adult (18-24),92.18,inf,Proactive Monitoring,High Difficulty
46,18,0,Unemployed,Divorced,Calgary,Alberta,96298.6,9.206,15,180,79664.48,Active,988.56,2021-04-08,2036-04-08,1.0,BMO Student Banking Program,University of Victoria,Victoria,British Columbia,Master of Business Administration,Business,Master's,2.0,2.0,92.6,92.6,93253.27,18,988.56,0,0,2023-12-14,Low Income,Young Adult (18-24),82.73,inf,Proactive Monitoring,Medium Difficulty
666,30,22525,Part-time,Common-law,Burnaby,British Columbia,94750.86,8.229,20,240,85464.23,Active,806.09,2022-02-08,2042-02-08,1.0,TD Student Line of Credit,Ryerson University,Toronto,Ontario,Accounting,Business,Bachelor's,2.0,4.0,89.0,89.0,56361.99,11,806.09,0,0,2023-12-01,Low Income,Young Professional (25-34),90.2,42.94,Proactive Monitoring,Medium Difficulty
937,36,65059,Full-time,Married,Surrey,British Columbia,94669.69,3.682,15,180,86119.67,Active,685.27,2023-07-08,2038-07-08,1.0,Canada Student Loans Program,University of Alberta,Edmonton,Alberta,Master of Science in Engineering,Engineering,Master's,3.0,2.0,93.0,93.0,87004.95,2,685.27,0,0,2023-12-07,Medium Income,Mid-Career (35-49),90.97,12.64,Proactive Monitoring,High Difficulty
983,40,0,Unemployed,Single,Brandon,Manitoba,94529.8,5.399,15,180,82786.25,Active,767.33,2023-08-08,2038-08-08,1.0,Provincial Student Aid,Simon Fraser University,Burnaby,British Columbia,Hospitality Management,Business,Bachelor's,1.0,4.0,74.8,74.8,43656.21,2,767.33,0,0,2023-12-05,Low Income,Mid-Career (35-49),87.58,inf,Proactive Monitoring,Low Difficulty
297,24,21902,Part-time,Widowed,Steinbach,Manitoba,94133.72,3.158,15,180,68509.4,In Deferment,657.25,2021-06-08,2036-06-08,1.0,CIBC,McMaster University,Hamilton,Ontario,Pre-Medicine,Science,Bachelor's,3.0,4.0,63.0,63.0,45054.86,11,657.25,0,0,2023-12-03,Low Income,Young Adult (18-24),72.78,36.01,Proactive Monitoring,High Difficulty
806,37,41489,Full-time,Single,Lethbridge,Alberta,94093.11,4.842,15,180,78643.09,Active,736.36,2022-06-08,2037-06-08,1.0,TD Student Line of Credit,University of Saskatchewan,Saskatoon,Saskatchewan,Pre-Medicine,Science,Bachelor's,3.0,4.0,63.0,63.0,45054.86,16,736.36,0,0,2023-12-06,Medium Income,Mid-Career (35-49),83.58,21.3,Proactive Monitoring,High Difficulty
804,35,15995,Part-time,Divorced,Steinbach,Manitoba,93167.22,8.272,15,180,84441.61,Active,905.05,2023-04-08,2038-04-08,1.0,CIBC,Queen's University,Kingston,Ontario,Elementary Education,Education,Bachelor's,2.0,4.0,87.2,87.2,48470.28,6,905.0499999999998,0,0,2023-12-03,Low Income,Mid-Career (35-49),90.63,67.9,Proactive Monitoring,Medium Difficulty
803,34,0,Unemployed,Single,Brampton,Ontario,92947.35,9.788,15,180,84328.61,Active,986.8,2023-01-08,2038-01-08,1.0,TD Student Line of Credit,University of Saskatchewan,Saskatoon,Saskatchewan,Marketing,Business,Bachelor's,1.0,4.0,82.9,82.9,47788.43,7,986.8,0,0,2023-12-03,Low Income,Young Professional (25-34),90.73,inf,Proactive Monitoring,Low Difficulty
798,29,59111,Full-time,Divorced,Victoria,British Columbia,92709.67,9.592,20,240,83863.81,Active,869.75,2021-03-08,2041-03-08,1.0,Scotiabank Student Line of Credit,York University,Toronto,Ontario,Biomedical Engineering,Engineering,Bachelor's,3.0,4.0,87.2,87.2,66515.13,11,790.6818181818181,0,1,2023-12-02,Medium Income,Young Professional (25-34),90.46,17.66,Proactive Monitoring,High Difficulty
893,42,0,Unemployed,Single,Lethbridge,Alberta,92308.99,6.452,15,180,83812.31,Active,801.68,2023-08-08,2038-08-08,1.0,BMO Student Banking Program,Concordia University,Montreal,Quebec,Pre-Medicine,Science,Bachelor's,3.0,4.0,63.0,63.0,45054.86,2,801.68,0,0,2023-12-04,Low Income,Mid-Career (35-49),90.8,inf,Proactive Monitoring,High Difficulty
329,28,0,Unemployed,Divorced,Steinbach,Manitoba,91389.57,7.602,15,180,73842.55,Active,852.5,2021-10-08,2036-10-08,1.0,TD Student Line of Credit,University of British Columbia,Vancouver,British Columbia,Information Technology,Technology,Bachelor's,2.0,4.0,91.4,91.4,63405.33,19,852.5,0,0,2023-12-01,Low Income,Young Professional (25-34),80.8,inf,Proactive Monitoring,Medium Difficulty
719,18,0,Unemployed,Widowed,London,Ontario,89844.59,3.11,15,180,67584.07,Active,625.21,2021-11-08,2036-11-08,1.0,TD Student Line of Credit,University of Calgary,Calgary,Alberta,Master of Science in Engineering,Engineering,Master's,3.0,2.0,93.0,93.0,87004.95,19,625.21,0,0,2023-12-03,Low Income,Young Adult (18-24),75.22,inf,Proactive Monitoring,High Difficulty
659,33,24307,Part-time,Widowed,Mississauga,Ontario,89126.7,11.218,25,300,86261.66,Active,887.62,2022-03-08,2047-03-08,1.0,TD Student Line of Credit,University of British Columbia,Vancouver,British Columbia,Physics,Science,Bachelor's,3.0,4.0,73.4,73.4,52697.17,19,887.6199999999999,0,0,2023-12-11,Low Income,Young Professional (25-34),96.79,43.82,Proactive Monitoring,High Difficulty
478,27,19264,Part-time,Divorced,Brampton,Ontario,88613.39,4.181,15,180,78197.72,Active,663.53,2023-06-08,2038-06-08,1.0,TD Student Line of Credit,Queen's University,Kingston,Ontario,HVAC Technology,Technical,Certificate,1.0,2.0,92.0,92.0,46389.64,3,663.53,0,0,2023-12-05,Low Income,Young Professional (25-34),88.25,41.33,Proactive Monitoring,Low Difficulty
250,35,60835,Full-time,Single,Quebec City,Quebec,88321.65,2.644,15,180,65392.41,Active,594.92,2021-10-08,2036-10-08,1.0,Bank of Montreal,University of Waterloo,Waterloo,Ontario,Information Technology,Technology,Bachelor's,2.0,4.0,91.4,91.4,63405.33,0,0.0,0,0,Never,Medium Income,Mid-Career (35-49),74.04,11.74,Proactive Monitoring,Medium Difficulty
407,41,0,Unemployed,Single,Steinbach,Manitoba,88251.61,8.0,15,180,73880.45,Active,843.38,2021-10-08,2036-10-08,1.0,TD Canada Trust,McGill University,Montreal,Quebec,Network Administration,Technology,Certificate,2.0,2.0,79.4,79.4,53377.98,7,602.4142857142857,0,2,2023-11-01,Low Income,Mid-Career (35-49),83.72,inf,Proactive Monitoring,Medium Difficulty
821,41,45681,Full-time,Single,Brandon,Manitoba,88051.59,3.861,15,180,73040.04,Active,645.19,2023-01-08,2038-01-08,1.0,CIBC,University of Manitoba,Winnipeg,Manitoba,Dental Hygiene,Healthcare,Associate,2.0,2.0,87.2,87.2,61248.37,10,645.19,0,0,2023-12-02,Medium Income,Mid-Career (35-49),82.95,16.95,Proactive Monitoring,Medium Difficulty
351,33,0,Unemployed,Widowed,Steinbach,Manitoba,86587.37,4.714,20,240,76923.08,Active,557.85,2022-11-08,2042-11-08,1.0,Royal Bank of Canada,University of Calgary,Calgary,Alberta,Network Administration,Technology,Certificate,2.0,2.0,79.4,79.4,53377.98,3,557.85,0,0,2023-12-03,Low Income,Young Professional (25-34),88.84,inf,Proactive Monitoring,Medium Difficulty
627,38,0,Unemployed,Married,Brampton,Ontario,86347.53,8.589,25,300,83599.39,Active,700.48,2023-04-08,2048-04-08,1.0,Bank of Montreal,Ryerson University,Toronto,Ontario,Mathematics,Science,Bachelor's,3.0,4.0,73.0,73.0,59771.34,5,700.48,0,0,2023-12-07,Low Income,Mid-Career (35-49),96.82,inf,Proactive Monitoring,High Difficulty
953,30,69483,Full-time,Divorced,London,Ontario,86131.2,4.797,15,180,76441.73,Active,672.05,2022-12-08,2037-12-08,1.0,Bank of Montreal,Concordia University,Montreal,Quebec,Master of Science in Engineering,Engineering,Master's,3.0,2.0,93.0,93.0,87004.95,3,672.05,0,0,2023-12-02,Medium Income,Young Professional (25-34),88.75,11.61,Proactive Monitoring,High Difficulty
467,26,0,Unemployed,Single,Brandon,Manitoba,85226.45,3.073,20,240,70921.68,Active,475.78,2021-12-08,2041-12-08,1.0,Provincial Student Aid,Dalhousie University,Halifax,Nova Scotia,Automotive Technology,Technical,Certificate,1.0,2.0,82.5,82.5,43070.11,18,475.78,0,0,2023-12-03,Low Income,Young Professional (25-34),83.22,inf,Proactive Monitoring,Low Difficulty
562,34,71211,Full-time,Widowed,Lethbridge,Alberta,83897.53,5.62,20,240,74175.03,Active,582.82,2021-12-08,2041-12-08,1.0,Bank of Montreal,University of Saskatchewan,Saskatoon,Saskatchewan,Pre-Medicine,Science,Bachelor's,3.0,4.0,63.0,63.0,45054.86,7,582.82,0,0,2023-12-02,High Income,Young Professional (25-34),88.41,9.82,Proactive Monitoring,High Difficulty
592,39,19458,Part-time,Married,Brampton,Ontario,83665.48,7.167,25,300,79389.18,Active,600.27,2022-02-08,2047-02-08,1.0,National Bank of Canada,York University,Toronto,Ontario,Criminal Justice,Social Sciences,Bachelor's,2.0,4.0,82.2,82.2,45869.85,7,600.2699999999999,0,0,2023-12-03,Low Income,Mid-Career (35-49),94.89,37.02,Proactive Monitoring,Medium Difficulty
644,21,51584,Full-time,Divorced,Lethbridge,Alberta,82745.8,3.809,20,240,74484.61,In Deferment,493.13,2023-06-08,2043-06-08,1.0,Canada Student Loans Program,Dalhousie University,Halifax,Nova Scotia,Master of Business Administration,Business,Master's,2.0,2.0,92.6,92.6,93253.27,4,493.13,0,0,2023-12-02,Medium Income,Young Adult (18-24),90.02,11.47,Proactive Monitoring,Medium Difficulty
221,35,71387,Full-time,Married,Brampton,Ontario,82253.4,3.533,15,180,67927.66,Active,589.35,2023-01-08,2038-01-08,1.0,RBC Student Banking,McMaster University,Hamilton,Ontario,Information Technology,Technology,Bachelor's,2.0,4.0,91.4,91.4,63405.33,10,471.48,0,2,2023-12-01,High Income,Mid-Career (35-49),82.58,9.91,Proactive Monitoring,Medium Difficulty
558,36,52172,Full-time,Divorced,Toronto,Ontario,81606.29,5.278,25,300,76337.42,Active,490.37,2023-03-08,2048-03-08,1.0,Bank of Nova Scotia,McGill University,Montreal,Quebec,General Studies,Liberal Arts,Bachelor's,1.0,4.0,67.6,67.6,39266.48,3,490.37000000000006,0,0,2023-12-01,Medium Income,Mid-Career (35-49),93.54,11.28,Proactive Monitoring,Low Difficulty
711,19,17435,Part-time,Common-law,Quebec City,Quebec,81061.35,4.316,15,180,74417.85,Active,612.52,2023-08-08,2038-08-08,1.0,TD Canada Trust,Simon Fraser University,Burnaby,British Columbia,HVAC Technology,Technical,Certificate,1.0,2.0,92.0,92.0,46389.64,3,612.52,0,0,2023-12-03,Low Income,Young Adult (18-24),91.8,42.16,Proactive Monitoring,Low Difficulty
5,32,19179,Part-time,Divorced,Ottawa,Ontario,78662.82,2.847,20,240,72136.86,Active,430.26,2023-08-08,2043-08-08,1.0,TD Canada Trust,University of Victoria,Victoria,British Columbia,Human Resources,Business,Bachelor's,1.0,4.0,84.0,84.0,53249.69,1,430.26,0,0,2023-12-03,Low Income,Young Professional (25-34),91.7,26.92,Proactive Monitoring,Low Difficulty
542,23,58067,Full-time,Widowed,Steinbach,Manitoba,78539.11,11.299,15,180,69935.14,Active,907.47,2021-10-08,2036-10-08,1.0,Royal Bank of Canada,University of Victoria,Victoria,British Columbia,Accounting,Business,Bachelor's,2.0,4.0,89.0,89.0,56361.99,22,907.47,0,0,2023-12-05,Medium Income,Young Adult (18-24),89.04,18.75,Proactive Monitoring,Medium Difficulty
746,31,0,Unemployed,Single,Montreal,Quebec,76059.03,5.504,25,300,69422.59,Active,467.25,2021-08-08,2046-08-08,1.0,Bank of Montreal,Simon Fraser University,Burnaby,British Columbia,Nursing,Healthcare,Bachelor's,2.0,4.0,92.5,92.5,65996.75,11,467.25,0,0,2023-12-02,Low Income,Young Professional (25-34),91.27,inf,Proactive Monitoring,Medium Difficulty
196,31,0,Unemployed,Divorced,Brandon,Manitoba,75894.31,4.9079999999999995,25,300,72500.58,Active,439.61,2023-09-08,2048-09-08,1.0,BMO Student Banking Program,McGill University,Montreal,Quebec,Master of Business Administration,Business,Master's,2.0,2.0,92.6,92.6,93253.27,2,439.61,0,0,2023-12-02,Low Income,Young Professional (25-34),95.53,inf,Proactive Monitoring,Medium Difficulty
490,21,0,Unemployed,Single,Toronto,Ontario,75608.67,7.001,15,180,63683.06,Active,679.63,2021-08-08,2036-08-08,1.0,TD Student Line of Credit,Carleton University,Ottawa,Ontario,Psychology,Social Sciences,Bachelor's,2.0,4.0,78.4,78.4,44256.05,2,679.63,0,0,2023-12-03,Low Income,Young Adult (18-24),84.23,inf,Proactive Monitoring,Medium Difficulty
378,33,0,Unemployed,Single,London,Ontario,74119.64,8.232,20,240,68192.37,Active,630.71,2021-10-08,2041-10-08,1.0,Canada Student Loans Program,Ryerson University,Toronto,Ontario,Biomedical Engineering,Engineering,Bachelor's,3.0,4.0,87.2,87.2,66515.13,7,630.71,0,0,2023-12-02,Low Income,Young Professional (25-34),92.0,inf,Proactive Monitoring,High Difficulty
704,29,21545,Part-time,Married,Calgary,Alberta,73961.72,4.733,20,240,67855.88,Active,477.27,2023-03-08,2043-03-08,1.0,CIBC,University of Manitoba,Winnipeg,Manitoba,Doctor of Medicine,Medicine,Professional,3.0,4.0,95.8,95.8,120196.79,6,477.27,0,0,2023-12-01,Low Income,Young Professional (25-34),91.74,26.58,Proactive Monitoring,High Difficulty
563,40,20868,Part-time,Married,Ottawa,Ontario,70660.69,6.114,20,240,60306.73,Active,510.89,2021-05-08,2041-05-08,1.0,TD Student Line of Credit,University of Manitoba,Winnipeg,Manitoba,Biomedical Engineering,Engineering,Bachelor's,3.0,4.0,87.2,87.2,66515.13,7,510.89,0,0,2023-12-02,Low Income,Mid-Career (35-49),85.35,29.38,Proactive Monitoring,High Difficulty
692,41,0,Unemployed,Widowed,Red Deer,Alberta,68586.33,5.736,20,240,61668.17,Active,480.99,2022-05-08,2042-05-08,1.0,Royal Bank of Canada,University of Manitoba,Winnipeg,Manitoba,Criminal Justice,Social Sciences,Bachelor's,2.0,4.0,82.2,82.2,45869.85,16,480.99,0,0,2023-12-02,Low Income,Mid-Career (35-49),89.91,inf,Proactive Monitoring,Medium Difficulty
410,27,49163,Full-time,Divorced,Red Deer,Alberta,68538.6,3.593,15,180,52701.4,Active,493.11,2021-07-08,2036-07-08,1.0,National Bank of Canada,University of Alberta,Edmonton,Alberta,Communications,Liberal Arts,Bachelor's,1.0,4.0,75.2,75.2,43205.15,10,493.11,0,0,2023-12-07,Medium Income,Young Professional (25-34),76.89,12.04,Proactive Monitoring,Low Difficulty
744,21,17473,Part-time,Widowed,Hamilton,Ontario,67898.87,5.821,20,240,63237.13,Active,479.46,2022-11-08,2042-11-08,1.0,Scotiabank Student Line of Credit,University of Victoria,Victoria,British Columbia,Architecture,Design,Bachelor's,3.0,5.0,68.1,68.1,64043.12,7,479.46,0,0,2023-12-01,Low Income,Young Adult (18-24),93.13,32.93,Proactive Monitoring,High Difficulty
663,34,16769,Part-time,Single,Brandon,Manitoba,65341.57,3.636,15,180,59129.07,Active,471.49,2023-06-08,2038-06-08,1.0,RBC Student Banking,University of Manitoba,Winnipeg,Manitoba,Mechanical Engineering,Engineering,Bachelor's,3.0,4.0,84.3,84.3,68800.56,3,314.32666666666665,0,1,2023-12-02,Low Income,Young Professional (25-34),90.49,33.74,Proactive Monitoring,High Difficulty
943,26,60097,Full-time,Divorced,Brampton,Ontario,64754.83,11.041,15,180,60609.0,Active,737.67,2023-02-08,2038-02-08,1.0,National Bank of Canada,Concordia University,Montreal,Quebec,Business Administration,Business,Bachelor's,1.0,4.0,89.0,89.0,55507.95,7,737.67,0,0,2023-12-03,Medium Income,Young Professional (25-34),93.6,14.73,Proactive Monitoring,Low Difficulty
826,41,53268,Full-time,Widowed,Ottawa,Ontario,64678.21,2.556,25,300,58246.13,Active,291.98,2022-06-08,2047-06-08,1.0,Bank of Montreal,University of Waterloo,Waterloo,Ontario,General Studies,Liberal Arts,Bachelor's,1.0,4.0,67.6,67.6,39266.48,17,291.98,0,0,2023-12-01,Medium Income,Mid-Career (35-49),90.06,6.58,Proactive Monitoring,Low Difficulty
538,22,24852,Part-time,Single,Victoria,British Columbia,59809.66,3.561,20,240,57897.55,In Forbearance,348.75,2025-05-08,2045-05-08,1.0,National Bank of Canada,McGill University,Montreal,Quebec,,,,,,,,,48,1103.62,0,0,2023-12-03,Low Income,Young Adult (18-24),96.8,16.84,Proactive Monitoring,Difficulty nan
529,39,0,Unemployed,Widowed,Quebec City,Quebec,52109.01,5.58,15,180,44410.79,Active,427.99,2023-02-08,2038-02-08,1.0,Bank of Montreal,Carleton University,Ottawa,Ontario,Doctor of Medicine,Medicine,Professional,3.0,4.0,95.8,95.8,120196.79,6,285.32666666666665,0,2,2023-12-03,Low Income,Mid-Career (35-49),85.23,inf,Proactive Monitoring,High Difficulty
