Cluster,Size,Size_Pct,Delinquency_Rate,Avg_Age,Avg_Income,Avg_Loan_Amount,Avg_Payment_Ratio
Cluster 1,151,15.1,9.933774834437086,29.90066225165563,1074.271523178808,257356.46456953647,21654.138081062036
Cluster 2,95,9.5,1.0526315789473684,31.473684210526315,25868.81052631579,175690.13736842107,6283.084053607753
Cluster 3,340,34.0,0.0,31.361764705882354,30445.323529411766,146181.4337647059,2690.369789584296
Cluster 4,187,18.7,3.2085561497326207,30.106951871657753,39792.87165775401,251842.8892513369,207.54844319107227
Cluster 5,227,22.7,11.013215859030836,30.647577092511014,27093.77973568282,128598.10757709251,3227.1817173333943
