Cluster,Size,Size_Pct,Delinquency_Rate,Avg_Age,Avg_Income,Avg_Loan_Amount,Avg_Payment_Ratio
Cluster 1,341,34.1,0.0,31.469208211143695,24514.322580645163,130892.64334310849,3982.0505217135205
Cluster 2,137,13.700000000000001,3.64963503649635,30.99270072992701,310.992700729927,254624.93248175184,22966.89511473116
Cluster 3,228,22.8,12.719298245614036,31.149122807017545,31282.02192982456,144897.4787719298,2261.3491978876477
Cluster 4,103,10.299999999999999,4.854368932038835,32.116504854368934,23867.271844660194,180091.3841747573,5765.154597122996
Cluster 5,191,19.1,0.5235602094240838,31.230366492146597,41622.20418848168,264480.54041884816,0.775056307560235
