Cluster,Size,Size_Pct,Delinquency_Rate,Avg_Age,Avg_Income,Avg_Loan_Amount,Avg_Payment_Ratio
Cluster 1,267,26.700000000000003,1.1235955056179776,31.318352059925093,32674.20224719101,138982.77299625467,2957.163072881672
Cluster 2,206,20.599999999999998,14.077669902912621,30.54368932038835,27796.68932038835,186098.3753398058,5700.271884228685
Cluster 3,192,19.2,5.729166666666666,30.671875,21361.791666666668,276882.2373958333,10397.319856697863
Cluster 4,94,9.4,6.382978723404255,30.382978723404257,25503.531914893618,185786.7356382978,6086.3640166894775
Cluster 5,241,24.099999999999998,1.6597510373443984,29.90871369294606,31253.004149377593,151064.82817427383,2708.7275808724708
