Cluster,Size,Size_Pct,Delinquency_Rate,Avg_Age,Avg_Income,Avg_Loan_Amount,Avg_Payment_Ratio
Cluster 1,107,10.7,2.803738317757009,30.093457943925234,26346.355140186915,172956.36962616822,4230.206828232751
Cluster 2,278,27.800000000000004,0.0,30.81654676258993,30534.341726618706,134010.14938848923,2279.1363859216913
Cluster 3,159,15.9,1.8867924528301887,31.352201257861637,150.49056603773585,231565.55050314465,21947.733238047476
Cluster 4,239,23.9,17.154811715481173,30.552301255230127,30861.94979079498,146661.44820083684,2353.977357238722
Cluster 5,217,21.7,3.225806451612903,30.05069124423963,40286.032258064515,269721.24894009216,0.8042159944257018
