Cluster,Size,Size_Pct,Delinquency_Rate,Avg_Age,Avg_Income,Avg_Loan_Amount,Avg_Payment_Ratio
Cluster 1,227,22.7,95.59471365638767,31.13215859030837,43647.444933920706,238166.83806167397,0.6987912535541263
Cluster 2,257,25.7,21.40077821011673,31.140077821011673,26008.747081712063,171611.93011673153,3691.2220548974096
Cluster 3,79,7.9,100.0,30.759493670886076,22377.645569620254,166878.44987341773,5798.659793122351
Cluster 4,160,16.0,87.5,30.1875,0.0,230148.347,21157.245750000002
Cluster 5,277,27.700000000000003,91.33574007220217,31.664259927797833,29456.317689530686,113422.86805054153,1797.9441112267516
