Cluster,Size,Size_Pct,Delinquency_Rate,Avg_Age,Avg_Income,Avg_Loan_Amount,Avg_Payment_Ratio
Cluster 1,224,22.400000000000002,39.732142857142854,29.758928571428573,24419.45535714286,150134.61160714287,3683.8132872675933
Cluster 2,285,28.499999999999996,26.31578947368421,30.971929824561403,30324.715789473685,132118.89792982454,2233.6098548642744
Cluster 3,102,10.2,100.0,30.69607843137255,26780.06862745098,184070.93029411766,5599.861351613438
Cluster 4,210,21.0,64.28571428571429,31.047619047619047,40823.08095238095,245966.99514285717,0.7652943343413645
Cluster 5,179,17.9,60.33519553072626,30.737430167597765,197.18435754189943,227797.577150838,21140.71183256917
